Search Term,Rank,Category,Length,Poster,Title,Views,Date
Animation,1,Film & Animation,1:00,CGMeetup,"CGI Animated Short Film: ""Crunch"" by Gof Animation | CGMeetup","778,604  ","Dec 20, 2019"
Animation,2,Film & Animation,3:43,Jacob Mann,"CGI Short Film ""Extinguished"" by Ashley Anderson and Jacob Mann","4,140,857  ","Jul 23, 2017"
Animation,3,Music,7:44,Fred H. Music,Sound Design project: ONE SMALL STEP by TAIKO Studios,"1,143,185  ","Jul 11, 2019"
Animation,4,Film & Animation,6:34,ESMA Movies,Sun Knapping,"3,762,358  ","Apr 10, 2012"
Animation,5,Film & Animation,5:57,ESMA Movies,Sweet Cocoon - ESMA 2014,"9,043,018  ","Oct 30, 2014"
Animation,6,Film & Animation,0:30,The Land Before Time,Land Before Time | The Lone Dinosaur Returns  | Cartoon for Kids | Kids Movies,"4,422,423  ","May 10, 2018"
Animation,7,Education,0:20,Moonbug Kids Play and Learn,Mila And Morphle are ROBOTS! - My Magic Pet Morphle | Cartoons For Kids | Morphle TV | BRAND NEW,"8,532,049  ","Dec 8, 2019"
Animation,8,Education,0:15,Moonbug Kids - Cartoons and Kids Songs,Mila and Morphle FIGHT | Cartoons For Kids | Cartoons and Kids Songs | Morphle,"8,947,761  ","May 17, 2019"
Animation,9,Education,0:20,Moonbug Kids - Cartoons & Nursery Rhymes,My Magic Pet Morphle - Morphle Vs Orphle | Full Episodes | Funny Cartoons for Kids | Moonbug Kids,"5,859,027  ","Nov 23, 2019"
Animation,10,Education,0:20,Moonbug Kids - Cartoons & Nursery Rhymes,My Magic Pet Morphle - HALLOWEEN Vampire Morphle | Full Episodes | Funny Cartoons for Kids | Moonbug,"9,595,303  ","Oct 16, 2019"
Animation,11,Education,0:12,Moonbug Kids - Cartoons & Nursery Rhymes,My Magic Pet Morphle - Morphle Vs Orphle | Full Episodes | Funny Cartoons for Kids | Moonbug Kids,"5,859,030  ","Nov 23, 2019"
Animation,12,Education,0:15,Moonbug Kids - Cartoons & Nursery Rhymes,My Magic Pet Morphle - HALLOWEEN Vampire Morphle | Full Episodes | Funny Cartoons for Kids | Moonbug,"9,595,303  ","Oct 16, 2019"
Animation,13,Education,0:29,Moonbug Kids - Cartoons & Nursery Rhymes,My Magic Pet Morphle - Morphle Vs Orphle | Full Episodes | Funny Cartoons for Kids | Moonbug Kids,"5,859,030  ","Nov 23, 2019"
Animation,14,Education,0:42,Moonbug Kids - Cartoons & Nursery Rhymes,My Magic Pet Morphle - HALLOWEEN Vampire Morphle | Full Episodes | Funny Cartoons for Kids | Moonbug,"9,595,303  ","Oct 16, 2019"
Animation,15,Education,0:30,Moonbug Kids - Cartoons & Nursery Rhymes,My Magic Pet Morphle - Morphle Vs Orphle | Full Episodes | Funny Cartoons for Kids | Moonbug Kids,"5,859,030  ","Nov 23, 2019"
Animation,16,Education,3:39,Moonbug Kids - Cartoons & Nursery Rhymes,My Magic Pet Morphle - HALLOWEEN Vampire Morphle | Full Episodes | Funny Cartoons for Kids | Moonbug,"9,595,582  ","Oct 16, 2019"
Animation,17,Education,0:30,Moonbug Kids - Cartoons & Nursery Rhymes,My Magic Pet Morphle - Morphle Vs Orphle | Full Episodes | Funny Cartoons for Kids | Moonbug Kids,"5,859,030  ","Nov 23, 2019"
Animation,18,Education,1:28,Moonbug Kids - Cartoons & Nursery Rhymes,My Magic Pet Morphle - HALLOWEEN Vampire Morphle | Full Episodes | Funny Cartoons for Kids | Moonbug,"9,595,598  ","Oct 16, 2019"
Animation,19,Education,0:31,Moonbug Kids - Cartoons & Nursery Rhymes,My Magic Pet Morphle - Morphle Vs Orphle | Full Episodes | Funny Cartoons for Kids | Moonbug Kids,"5,859,030  ","Nov 23, 2019"
Animation,20,Education,1:48,Moonbug Kids - Cartoons & Nursery Rhymes,My Magic Pet Morphle - HALLOWEEN Vampire Morphle | Full Episodes | Funny Cartoons for Kids | Moonbug,"9,595,605  ","Oct 16, 2019"
Animation,21,Education,1:00,Moonbug Kids - Cartoons & Nursery Rhymes,My Magic Pet Morphle - Morphle Vs Orphle | Full Episodes | Funny Cartoons for Kids | Moonbug Kids,"5,859,030  ","Nov 23, 2019"
Animation,22,Education,0:35,Moonbug Kids - ABCs and 123s,Morphing Mila | My Magic Pet Morphle | Cartoons for kids | Videos for kids,"1,426,134  ","Sep 18, 2019"
Animation,23, Entertainment,0:26,Morphle TV,Frozen Morphle! - My Magic Pet Morphle | Cartoons For Kids | Morphle | Mila and Morphle,"4,225,933  ","Dec 7, 2019"
Animation,24,Film & Animation,0:15,Magic Cartoon Animals! - Morphle TV,Morphle | The Bubble Adventure | Kids Videos | Learning for Kids,"1,632,383  ","Nov 28, 2019"
Animation,25,Film & Animation,0:15,Magic Cartoon Animals! - Morphle TV,Morphle | Morphle VS Orphle | Kids Videos | Learning for Kids | Animals for Kids,"706,602  ","Nov 26, 2019"
Animation,26,Film & Animation,0:15,Magic Cartoon Animals! - Morphle TV,Morphle | A Castle For Leela | Kids Videos | Learning for Kids | Castles for Kids,"169,925  ","Nov 23, 2019"
Animation,27,Film & Animation,14:52,Magic Cartoon Animals! - Morphle TV,Morphle | My Pet Spider | Kids Videos | Learning for Kids | Animals for Kids,"106,270  ","Nov 21, 2019"
Animation,28,Film & Animation,26:16,Magic Cartoon Animals! - Morphle TV,Morphle | Morphle's Delivery Service | Kids Videos | Learning for Kids,"92,191  ","Nov 19, 2019"
Animation,29,Film & Animation,0:30,Magic Cartoon Animals! - Morphle TV,Morphle | Morphle is Sick | Kids Videos | Learning for Kids | Animals for Kids,"84,745  ","Nov 16, 2019"
Animation,30,Film & Animation,31:57,Magic Cartoon Animals! - Morphle TV,Morphle | The Photo Train Adventure | Kids Videos | Learning for Kids | Vehicles for Kids,"86,546  ","Nov 14, 2019"
Animation,31,Film & Animation,34:03,Magic Cartoon Animals! - Morphle TV,Morphle | Emotion Island | Kids Videos | Learning for Kids,"90,240  ","Nov 12, 2019"
Animation,32,Film & Animation,2:20,Magic Cartoon Animals! - Morphle TV,Morphle | 5 Little Monkeys | Kids Videos | Learning for Kids | Animals for Kids,"82,916  ","Nov 9, 2019"
Animation,33,Film & Animation,4:35,Magic Cartoon Animals! - Morphle TV,Morphle | Fruit Ninja Morphle | Kids Videos | Learning for Kids | Animals for Kids,"102,934  ","Nov 7, 2019"
Animation,34,Film & Animation,2:20,Magic Cartoon Animals! - Morphle TV,Morphle | Pat A Cake | Kids Videos | Learning for Kids | Food for Kids,"81,010  ","Nov 5, 2019"
Animation,35,Film & Animation,4:18,Magic Cartoon Animals! - Morphle TV,Morphle | Morphle Goes To The Dentist | Kids Videos | Learning for Kids | Funny Videos,"96,825  ","Nov 2, 2019"
Animation,36,Film & Animation,4:42,Magic Cartoon Animals! - Morphle TV,Morphle | Halloween 7: Decorations come to life | Kids Videos | Learning for Kids | #Halloween,"189,355  ","Oct 31, 2019"
Animation,37,Film & Animation,4:32,Magic Cartoon Animals! - Morphle TV,Morphle | Halloween 5: Morphle the Ghost | Kids Videos | Learning for Kids | Halloween Videos,"264,456  ","Oct 26, 2019"
Animation,38,Film & Animation,4:23,Magic Cartoon Animals! - Morphle TV,Morphle | Halloween 6: Morphle the Vampire | Kids Videos | Learning for Kids | Halloween for Kids,"223,773  ","Oct 25, 2019"
Animation,39,Film & Animation,4:25,Magic Cartoon Animals! - Morphle TV,Morphle | Halloween 4: Monster | Kids Videos | Learning for Kids | Halloween Videos,"215,143  ","Oct 24, 2019"
Animation,40,Film & Animation,5:55,Magic Cartoon Animals! - Morphle TV,Morphle | Halloween | Kids Videos | Learning for Kids | Halloween Videos,"2,186,371  ","Oct 22, 2019"
Animation,41,Film & Animation,4:53,Magic Cartoon Animals! - Morphle TV,Morphle | Halloween 3: Spookler | Kids Videos | Learning for Kids | Halloween Videos for Kids,"258,270  ","Oct 19, 2019"
Animation,42,Film & Animation,0:35,Magic Cartoon Animals! - Morphle TV,Morphle | My Magic Halloween | Kids Videos | Learning for Kids | Halloween Videos for Kids,"160,174  ","Oct 17, 2019"
Animation,43,Film & Animation,1:57,Magic Cartoon Animals! - Morphle TV,Morphle | BINGO | Kids Videos | Learning for Kids | Funny Videos for Kids,"104,414  ","Oct 15, 2019"
Animation,44,Film & Animation,4:55,Magic Cartoon Animals! - Morphle TV,Morphle | Feline Fireman | Kids Videos | Learning for Kids | Animals for Kids,"479,626  ","Oct 12, 2019"
Animation,45,Film & Animation,4:17,Magic Cartoon Animals! - Morphle TV,Morphle | Stop The Stopwatch | Kids Videos | Learning for Kids | Fun Videos for Kids,"273,027  ","Oct 10, 2019"
Animation,46,Film & Animation,4:40,Magic Cartoon Animals! - Morphle TV,Morphle | Morphle Builds a House | Kids Videos | Learning for Kids | Building for Kids,"323,915  ","Oct 8, 2019"
Animation,47,Film & Animation,3:23,Magic Cartoon Animals! - Morphle TV,Morphle | Bus Broke Down | Kids Videos | Learning for Kids | Vehicles for Kids,"886,158  ","Oct 5, 2019"
Animation,48,Film & Animation,4:34,Magic Cartoon Animals! - Morphle TV,Morphle | Painting Dinosaur Eggs | Kids Videos | Learning for Kids | Animals for Kids,"3,215,172  ","Oct 3, 2019"
Animation,49,Film & Animation,4:41,Magic Cartoon Animals! - Morphle TV,Morphle | Racecar Alien Race | Kids Videos | Learning for Kids | Animals for Kids,"689,072  ","Oct 1, 2019"
Animation,50,Film & Animation,2:29,Magic Cartoon Animals! - Morphle TV,Morphle | Medieval Funfair | Kids Videos | Learning for Kids | Animals for Kids,"353,939  ","Sep 17, 2019"
Beauty,1,Howto & Style,33:03,RawBeautyKristi,I TRIED FOLLOWING A HUDA BEAUTY INSTAGRAM TUTORIAL..,"111,699  ","Jan 9, 2020"
Beauty,2,Howto & Style,1:42,RawBeautyKristi,FULL FACE TESTING NEW & OLD MAKEUP.. SHOP MY STASH,"310,406  ","Dec 9, 2019"
Beauty,3,Howto & Style,1:42,RawBeautyKristi,SHOP MY STASH - TRYING NEW & OLD MAKEUP AGAIN..,"266,598  ","Nov 25, 2019"
Beauty,4,Howto & Style,0:15,RawBeautyKristi,THE TRUTH ABOUT THE JACLYN HILL COSMETICS HIGHLIGHTERS,"1,148,927  ","Nov 20, 2019"
Beauty,5,Howto & Style,1:42,RawBeautyKristi,UM... ?? HAUS LABORATORIES REVIEW... LADY GAGA'S NEW BRAND,"441,288  ","Sep 23, 2019"
Beauty,6,Howto & Style,1:42,RawBeautyKristi,UM...? FULL FACE TESTING FLORENCE BY MILLS,"743,743  ","Sep 12, 2019"
Beauty,7,Howto & Style,0:15,RawBeautyKristi,THE TRUTH ABOUT JACLYN HILL COSMETICS LIPSTICKS...,"4,422,587  ","Jun 8, 2019"
Beauty,8, Entertainment,1:18,Simply Nailogical,I Tried the Viral Exploding Nail Polish Remover and OMG (DO NOT BUY),"9,630,013  ","Aug 10, 2019"
Beauty,9, Entertainment,1:18,Simply Nailogical,Testing the Nail Art Printing Robot (I'm being replaced),"9,999,326  ","Jan 19, 2019"
Beauty,10, Entertainment,1:04,Simply Nailogical,I Tried the Viral Exploding Nail Polish Remover and OMG (DO NOT BUY),"9,630,013  ","Aug 10, 2019"
Beauty,11, Entertainment,1:04,Simply Nailogical,1 MINUTE NAIL ART CHALLENGE,"5,430,216  ","Sep 7, 2019"
Beauty,12, Entertainment,17:45,Simply Nailogical,I Tried Recreating Troom Troom's Clickbait Thumbnail,"8,889,933  ","Mar 9, 2019"
Beauty,13, Entertainment,15:48,Simply Nailogical,Testing DUMB Nail Hacks (SimplyNailogical torture),"11,917,532  ","Oct 28, 2017"
Beauty,14,Howto & Style,8:46,Simply Nailogical,Most complicated gradient nails ever: OLD TUTORIAL RE-DO,"4,431,796  ","Nov 3, 2015"
Beauty,15, Entertainment,9:23,Simply Nailogical,DIY OUIJA NAIL ART *not clickbait* *actual nail art* *emergency*,"2,895,409  ","Oct 21, 2017"
Beauty,16,Comedy,7:37,Simply Nailogical,Rainbow Holo Smoke Nails | Mani-swap with Elleandish!,"3,661,553  ","Apr 10, 2016"
Beauty,17,Howto & Style,8:46,Simply Nailogical,Most complicated gradient nails ever: OLD TUTORIAL RE-DO,"4,431,796  ","Nov 3, 2015"
Beauty,18,Howto & Style,8:46,Simply Nailogical,Scaled reciprocal pattern gradient nails IDK,"2,167,076  ","Jul 24, 2015"
Beauty,19,Howto & Style,40:19,Nail Career Education,Spring Nails 3D Acrylic Flowers  - Complete Nail Build Tutorial - Prep to Top Coat,"575,721  ","Mar 14, 2019"
Beauty,20,Howto & Style,31:19,Nail Career Education,Aquarium Nails,"276,246  ","Jan 18, 2019"
Beauty,21,Howto & Style,25:46,Nail Career Education,Goth ‚Ä¢Special‚Ä¢ Sculpted Acrylic Nails üó°Ô∏è,"968,447  ","Oct 11, 2018"
Beauty,22,Howto & Style,29:54,Nail Career Education,Fix Short Bitten Nails with Acrylic,"7,825,545  ","Jul 21, 2016"
Beauty,23,Howto & Style,24:26,Nail Career Education,Suzie Builds CORNSTARCH Nails,"3,613,398  ","Dec 23, 2017"
Beauty,24,Howto & Style,6:14,JauntyJuli,10 ACTUALLY Helpful Tips for People That Are Horrible At Painting Nails,"1,911,273  ","May 23, 2018"
Beauty,25,Howto & Style,6:28,JauntyJuli,"How To Paint Your ""Other Hand"" Nails Perfectly!","42,884  ","Nov 7, 2018"
Beauty,26,Howto & Style,6:55,cutepolish,18 Nail Art Hacks Everyone Should Know!,"1,995,433  ","Jun 28, 2017"
Beauty,27,Howto & Style,4:49,Moyra Colour Vision - Your Nail Channel,Nail Stamping - Most Common Mistakes And Solutions,"489,002  ","May 12, 2016"
Beauty,28,Howto & Style,17:26,Caffeinated Cuticles,Advanced Stamping,"45,856  ","Jun 13, 2016"
Beauty,29,People & Blogs,0:54,opal hazlett,advanced stamping - lace butterflies nail stamping - twin mani with @nailartbymae,"137,183  ","Mar 14, 2015"
Beauty,30,Howto & Style,8:51,Sam H Nails,How To | DRY STAMPING Nail Art 3 Ways | Nails for Newbies,"32,056  ","Feb 19, 2017"
Beauty,31,Howto & Style,0:15,nailwitch87,HOW TO PICK POLISH FOR MARBLES!!! Water marbling decoded!,"3,164  ","Feb 15, 2017"
Beauty,32,Howto & Style,14:39,Meghan Dawson Ethereal Orb Art,New Technique! Loaded Paper Towel Swipe Acrylic Pour,"659,993  ","Aug 6, 2018"
Beauty,33,Howto & Style,26:59,Sandra Lett,DA69 Acrylic Swipe w/ White & Peacock Colors into Fantasy Garden with Sandra Lett 053118,"299,596  ","Jun 2, 2018"
Beauty,34,Howto & Style,32:21,Carl Mazur,Fluid Painting with a Beginner - How To Tutorial Dirty Pour with Swipe Technique,"1,844,378  ","Dec 13, 2017"
Beauty,35,Howto & Style,10:06,Kristen // k.becca,"Acrylic Pouring for Beginners, Step by Step","957,618  ","Feb 9, 2018"
Beauty,36,Howto & Style,13:50,Carolyn Dube,What to Know When Paint Pouring for the First Time,"186,211  ","Jun 6, 2018"
Beauty,37,Howto & Style,36:04,Gina DeLuca,(175) Pro Tips & Troubleshooting Fluid Acrylics Paint Pouring - Flow Art,"295,749  ","Feb 28, 2019"
Beauty,38,Howto & Style,32:21,Carl Mazur,Fluid Painting with a Beginner - How To Tutorial Dirty Pour with Swipe Technique,"1,844,378  ","Dec 13, 2017"
Beauty,39,Howto & Style,11:51,Smart Art Materials & Techniques,Acrylic Pour Cells: Silicone vs Dish Soap vs Alcohol - Which Cells Recipe Works the best???ü§îü§ì,"501,241  ","Jul 22, 2019"
Beauty,40,People & Blogs,40:04,TreeCycled,Dining Table Made From Pallets!,"1,353,676  ","Jun 26, 2019"
Beauty,41,Science & Technology,32:16,Two Hands Restorations,1929 Air Compressor Restoration - Restored to New Condition - I Didn't Think It Would Run,"2,579,371  ","Nov 11, 2019"
Beauty,42,Science & Technology,21:49,LADB Restoration,1902 Grain Crusher Restoration,"4,554,177  ","Apr 25, 2019"
Beauty,43,Science & Technology,32:16,Two Hands Restorations,1929 Air Compressor Restoration - Restored to New Condition - I Didn't Think It Would Run,"2,579,371  ","Nov 11, 2019"
Beauty,44,Science & Technology,39:27,"Machinery Restorer
",ABANDONED RUSTY TILLER SATISFYING RESTORATION,"875,437  ","Jul 20, 2019"
Beauty,45,Education,13:35,Yarimasu,Antique Ship Compass Restoration,"863,496  ","May 30, 2019"
Beauty,46,Education,12:28,TysyTube Restoration,1900 Vintage Oil Lamp Restoration...i did it again...,"687,160  ","Jul 5, 2019"
Beauty,47,Education,17:50,TysyTube Restoration,1930 Vintage Coin Bank Restoration,"598,771  ","Sep 20, 2019"
Beauty,48,Education,18:35,TysyTube Restoration,Vintage Rusty Scale Restoration - With Powder Paint,"202,651  ","Dec 24, 2019"
Beauty,49,Howto & Style,0:15,TysyTube Restoration,Rusty and Broken Bench Grinder -  Awesome Restoration,"2,291,376  ","Mar 29, 2019"
Beauty,50,Education,0:15,Rescue & Restore,1920s Dayton Train Restoration - Antique Locomotive,"7,676,344  ","May 3, 2019"
Comedy,1,Comedy,1:00,Dry Bar Comedy,Funniest joke you‚Äôve ever heard about being late. Andy Woodhull - Full Special,"2,114,144  ","Nov 28, 2019"
Comedy,2,Comedy,1:40:32,Jimmy Carr,Being Funny (2011) FULL SHOW | Jimmy Carr,"2,129,709  ","Jul 16, 2019"
Comedy,3,Comedy,1:30:25,Jimmy Carr,Laughing and Joking (2013) FULL SHOW | Jimmy Carr,"4,292,042  ","Jun 18, 2019"
Comedy,4,Comedy,11:51,PsimoesWeb Comedy,John Pinette - Just for Laughs,"2,504,631  ","Jan 30, 2016"
Comedy,5,Comedy,41:47,Jdogpitt7,John Pinette - Still Hungry,"2,367,886  ","Nov 10, 2013"
Comedy,6,People & Blogs,17:32,AJ Foss,Funny Old School Family Feud Moments,"1,009,163  ","Feb 18, 2018"
Comedy,7,People & Blogs,45:43,ArisDisc On Ebay,Jay - Headlines (2007) Pt 05 of 05,"67,216  ","Dec 8, 2019"
Comedy,8,People & Blogs,5:37,JayWalking Videos,Jay Leno JayWalking: Do Pickup Lines Work?,"12,276  ","May 9, 2019"
Comedy,9,Comedy,10:59,MotleyTV,The Funniest Off-The-Cuff Comebacks in the History of BURNS,"19,430,951  ","Aug 31, 2017"
Comedy,10,People & Blogs,10:46,Fire Films,Ricky Gervais at the Golden Globes 2020 - All of his bits chained,"1,545,040  ","Jan 9, 2020"
Comedy,11,Comedy,12:16,Late Night with Seth Meyers,Congress Votes to Limit Trump's War Powers After Iran Lies: A Closer Look,"134,928  ","Jan 9, 2020"
Comedy,12, Entertainment,8:23,The Kennedy Center,Dave Chappelle Acceptance Speech | 2019 Mark Twain Prize,"3,013,231  ","Jan 7, 2020"
Comedy,13,Education,12:11,Ross Fam,"When you get Steve Harvey, David Mann & LaVell Crawford together","8,513,554  ","Aug 23, 2014"
Comedy,14,Comedy,9:01,Terry Cameron,John Pinette,"1,647,332  ","Nov 13, 2006"
Comedy,15,Film & Animation,1:18,Nathen,Jim Carey - How Wealthy People Laugh,"22,981,463  ","Jun 7, 2011"
Comedy,16,Comedy,0:11,MariannaZubova,"Jim Carrey ""Really!"" (from Ace Ventura)","282,934  ","Jan 24, 2012"
Comedy,17,Comedy,4:52,Johnny Carson,"Frank Sinatra is Surprised by Don Rickles on Johnny Carson's Show, Funniest Moment","14,477,759  ","Aug 4, 2011"
Comedy,18,People & Blogs,3:44,hogesnationaltour,Paul Hogan's awesome speech at the Oscars,"5,730,770  ","Jun 27, 2013"
Comedy,19, Entertainment,0:15,OrangeNinja92,Best Final Jeopardy answer EVER!,"4,759,713  ","Feb 13, 2013"
Comedy,20, Entertainment,0:00,Raul Torres,Jeopardy! Time's Up,"53,266  ","Nov 27, 2017"
Comedy,21,People & Blogs,1:29,ahwham,Clint Eastwood funny story about Richard Harris Unforgiven,"2,726,494  ","May 14, 2013"
Comedy,22,Music,3:24,Friends of Glen - The Glen Campbell Facebook Group,Glen Campbell & Carl Jackson DUELING BANJOS 1973,"6,810,835  ","Sep 17, 2012"
Comedy,23,Music,2:06,GatorRock,Neil LeVang - Ghost Riders In The Sky,"498,319  ","May 11, 2014"
Comedy,24,Film & Animation,3:49,themethodman87,Harpo Marx Brothers,"920,834  ","Mar 13, 2007"
Comedy,25,People & Blogs,1:14,Agatha Bernardo,Sammy Davis Jr - You Rascal You,"1,386,038  ","Jan 20, 2009"
Comedy,26,People & Blogs,3:02,marisapbh,Chico and Harpo playing the Piano   The Marx Brothers The Big Store 1941,"1,295,406  ","Jun 26, 2012"
Comedy,27,Music,3:35,Archivo Humano,"Night Music: Jools Holland & Doctor John as the ""Boogie Woogie Twins""","1,430,876  ","Nov 1, 2012"
Comedy,28,Music,7:18,SightSoundPro,Taj Mahal Honky Tonk,"802,192  ","Sep 22, 2009"
Comedy,29,Music,5:24,morenocarlos12,Bill Doggett -- Honky Tonk,"936,331  ","Jun 29, 2008"
Comedy,30,Music,2:37,Marc Leroy,Hugh Masekela - Grazing In The Grass,"2,138,141  ","Jun 7, 2014"
Comedy,31, Entertainment,3:19,L Williams,Color Him Father,"1,115,633  ","May 30, 2012"
Comedy,32,Music,2:23,uklangang,Brenton Wood ~ I'm The One Who Knows,"4,240,567  ","Feb 15, 2009"
Comedy,33,Music,2:15,cklbg,Brenton Wood-Catch you on the rebound,"2,012,551  ","Aug 2, 2007"
Comedy,34,Music,2:30,Alfred Smith,I'm The One Who Knows,"71,790  ","Oct 11, 2018"
Comedy,35,Music,3:08,The Fuzz - Topic,I Love You for All Seasons,"113,748  ","Nov 14, 2019"
Comedy,36,Music,3:10,The Recordium,Thee Sinseers - What's His Name - Live at The Recordium,"1,376,496  ","Jul 4, 2019"
Comedy,37,Music,2:40,superrick2,THEE MIDNITERS - MAKING ENDS MEET,"1,890,919  ","May 30, 2008"
Comedy,38,People & Blogs,2:33,Silent1LM562,When You're Gone - Brenda & The Tabulations,"740,541  ","Jun 17, 2008"
Comedy,39, Entertainment,2:53,LaBamba1680,Jealous Kind Of Fella- Garland Green,"4,289,685  ","Dec 19, 2011"
Comedy,40,Music,3:11,ThaGrooveallegiance,The Independents ~  Leaving Me,"3,885,901  ","Oct 17, 2007"
Comedy,41, Entertainment,3:17,DiscoNights1987,The Originals-Baby I'm For Real,"1,512,645  ","Feb 25, 2009"
Comedy,42,Music,2:54,turb01501,ORIGINALS - THE BELLS HQ.mp4,"281,095  ","Oct 31, 2011"
Comedy,43,People & Blogs,30:17,I'ma B Me Boston JR,""" Live"" Whispers, Dramatics, Smith Connection, Blue Magic, Dells,Intruders, Enchantment, Ojays","19,352  ","Sep 29, 2018"
Comedy,44, Entertainment,0:16,chicanoII,The Love We Had~The Dells,"2,917,208  ","Jun 27, 2009"
Comedy,45,Music,3:23,Bigln139,The Persuaders - Thin Line between Love & Hate - Video (High Quality),"11,746,767  ","Jul 12, 2011"
Comedy,46, Entertainment,3:07,Henry Fitts,"DAVID RUFFIN-IM GONNA WALK AWAY FROM LOVE,LIVE 1975.flv","2,996,836  ","Jul 20, 2010"
Comedy,47,People & Blogs,1:33,starstracks29,(1992) Eddie Kendricks from The Temptations Dies,"224,057  ","Sep 22, 2016"
Comedy,48,Music,4:10,hiphopstara,Tribute Black Celebs Who have Died,"1,261,891  ","Sep 5, 2008"
Comedy,49,People & Blogs,3:07,AWESOME NOSTALGIA,The First Notable Deaths in 2020,"29,704  ","Jan 4, 2020"
Comedy,50,People & Blogs,4:21,Entertainment News,Nick Gordon‚Äôs Dad Says ‚ÄòEverything Was Good‚Äô Before Son‚Äôs Death,"4,984  ","Jan 2, 2020"
,,,,,,,
Cooking,1, Entertainment,22:22,SAM THE COOKING GUY,The Best Enchiladas EVER | SAM THE COOKING GUY 4K,"246,005  ","Jan 8, 2020"
Cooking,2, Entertainment,0:15,SAM THE COOKING GUY,Wendy's Baconator Burger - But Homemade... & WAY BETTER! | SAM THE COOKING GUY 4K,"587,350  ","Jan 6, 2020"
Cooking,3, Entertainment,18:43,Mythical Kitchen,$237 Wendy‚Äôs Baconator Taste Test | FANCY FAST FOOD,"1,368,541  ","Dec 1, 2019"
Cooking,4,Howto & Style,17:17,SORTEDfood,Chefs Review Kitchen Gadgets Vol.13,"730,911  ","Dec 1, 2019"
Cooking,5,Howto & Style,16:59,SORTEDfood,THE ULTIMATE LAVA CAKE BATTLE,"1,134,639  ","Jun 3, 2018"
Cooking,6,People & Blogs,16:48,BuzzFeedVideo,$2 Peking Duck Vs. $340 Peking Duck,"10,813,032  ","Jun 3, 2018"
Cooking,7,People & Blogs,0:15,BuzzFeedVideo,$1 Eggs Vs. $89 Eggs ‚Ä¢ Japan,"17,633,824  ","Oct 7, 2018"
Cooking,8,People & Blogs,0:15,BuzzFeedVideo,$6 Sandwich Vs. $180 Sandwich,"18,405,145  ","Oct 14, 2018"
Cooking,9,People & Blogs,19:13,BuzzFeedVideo,$1 Eggs Vs. $89 Eggs ‚Ä¢ Japan,"17,633,824  ","Oct 7, 2018"
Cooking,10,People & Blogs,15:32,BuzzFeedVideo,$6 Sandwich Vs. $180 Sandwich,"18,405,145  ","Oct 14, 2018"
Cooking,11,People & Blogs,0:15,BuzzFeedVideo,$5 Fried Chicken Sandwich Vs. $20 Fried Chicken Sandwich,"4,483,310  ","Dec 22, 2019"
Cooking,12,Howto & Style,7:48,MasterChef World,Steak Frites With B√©arnaise Sauce | MasterChef Canada | MasterChef World,"9,383,543  ","Jun 5, 2019"
Cooking,13, Entertainment,41:36,Sphinxara,MasterChef Season 5 Episode 13,"2,105,718  ","Aug 18, 2014"
Cooking,14,People & Blogs,42:01,d√© W√©i,Â∞èÂ∞èÂªöÁ•û MasterChef Junior S03E05 ‰∏≠ÊñáÂ≠óÂπï,"2,061,221  ","May 1, 2015"
Cooking,15,People & Blogs,41:59,d√© W√©i,Â∞èÂ∞èÂªöÁ•û MasterChef Junior S03E07 ‰∏≠ÊñáÂ≠óÂπï,"444,744  ","May 1, 2015"
Cooking,16, Entertainment,7:48,Food Network UK,Buddy Makes A Bunny Cake For An Easter Egg Hunt | Cake Boss,"318,218  ","Dec 16, 2019"
Cooking,17, Entertainment,5:55,Food Network UK,"""You're Gotta Do This Cake Or You Will Put Me In A Bad Situation"" | Cake Boss","454,708  ","Dec 21, 2019"
Cooking,18,People & Blogs,4:53,Land of Survivor,Survivor: Philippines - Auction,"9,068,137  ","Feb 13, 2019"
Cooking,19, Entertainment,1:07,TLCNederland,Alex is de baas | 7 Little Johnstons,"873,172  ","Jul 9, 2015"
Cooking,20, Entertainment,2:03,Lifetime,"Dance Moms: Mackenzie Holds Auditions for Her Music Video (S4, E14) | Lifetime","13,753,112  ","Apr 2, 2014"
Cooking,21, Entertainment,1:33,Lifetime,"Dance Moms:  Abby Gets Dunked (S4, E29) | Lifetime","10,312,054  ","Sep 24, 2014"
Cooking,22,People & Blogs,5:33,Dancemomsluver1,Dance Moms Holiday Special- The girls open up their gifts! :),"18,152,636  ","Dec 11, 2013"
Cooking,23,People & Blogs,5:07,"hollywoodclips22
","Dance Moms-ALDC VS. CANDY APPLES DANCE OFF""(Season 4 Flashback)","16,214,231  ","Dec 28, 2018"
Cooking,24,People & Blogs,3:41,hollywoodclips22,"Dance Moms-""CATHY MAKES FUN OF THE GROUP DANCE""(Season 4 Flashback)","6,353,253  ","Dec 26, 2018"
Cooking,25,People & Blogs,2:06,hollywoodclips22,"Dance Moms-""The Girls Get Ready On the Bus""(Season 1 Flashback)","17,017,570  ","Feb 13, 2018"
Cooking,26,People & Blogs,1:54,hollywoodclips22,"Dance Moms-""Paige is On Top of the Pyramid""(Season 2 Flashback)","14,915,518  ","Apr 23, 2018"
Cooking,27,People & Blogs,2:04,xxxdanceismylifexxx,Maddie is upset because she doesn't have a solo,"18,863,478  ","Dec 2, 2012"
Cooking,28,People & Blogs,1:35,Danceroxs123,Hair & Make-Up & Abby Is Upset About Paige's Nails,"7,505,227  ","Sep 15, 2012"
Cooking,29,Film & Animation,1:26,MixUpWebisodes,Dance Moms Season 3 Pyramid Episode 2,"2,635,639  ","Jun 15, 2012"
Cooking,30,Film & Animation,0:03,MixUpWebisodes,Welcome,51  ,"May 17, 2012"
Cooking,31, Entertainment,4:00,Toys and Colors,Emma and Jannie Pretend Play with Ice Cream Cart Food Toys,"6,523,628  ","Jan 6, 2020"
Cooking,32, Entertainment,12:13,Toys and Colors,Emma Pretend Play w/ Princess Boutique & Toy Sewing Machine,"71,672,139  ","Nov 22, 2018"
Cooking,33, Entertainment,12:12,Toys and Colors,Emma Pretend Play w/ Little Cry Baby Doll Nursery Play House Playset,"19,077,131  ","Jan 3, 2019"
Cooking,34, Entertainment,10:27,Toys and Colors,Wendy Pretend Play Morning Routine Brushing Teeth w/ Giant Pikachu Pokemon,"25,594,210  ","Jan 9, 2019"
Cooking,35, Entertainment,2:46,Toys and Colors,This Is The Way Song | Wendy Pretend Play Morning School Routine Nursery Rhymes Song,"177,653,845  ","Apr 3, 2019"
Cooking,36, Entertainment,2:42,Toys and Colors,Miss Polly had a Dolly Song | Wendy Pretend Play Nursery Rhymes Kids Songs Toys and Colors,"47,372,097  ","May 23, 2019"
Cooking,37, Entertainment,2:02,Toys and Colors,Put On Your Shoes Song  Wendy Pretend Play Morning Routine Brush Teeth Nursery Rhymes Kids Songs,"125,097,705  ","Jun 4, 2019"
Cooking,38, Entertainment,2:56,Toys and Colors,The Boo Boo Song | Wendy Pretend Play Nursery Rhymes & Kids Songs,"61,157,175  ","Jun 16, 2019"
Cooking,39, Entertainment,3:03,Toys and Colors,Learn Colors with Fruits Song | Wendy Nursery Rhymes & Kids Songs,"65,118,822  ","Jul 14, 2019"
Cooking,40, Entertainment,4:15,Toys and Colors,Wendy Pretend Play with Giant Inflatable Duck Swimming Pool Toys,"14,901,878  ","Jul 20, 2019"
Cooking,41, Entertainment,11:22,Toys and Colors,Wendy Pretend Play Transform Blocks to Toy Car & Fun Kids Toys,"17,851,014  ","Jul 30, 2019"
Cooking,42, Entertainment,14:20,Toys and Colors,Emma Pretend Play with Water Slide Inflatable Toys,"50,960,581  ","Aug 13, 2019"
Cooking,43, Entertainment,3:54,Toys and Colors,Wendy Pretend Play with an Inflatable Playground Bounce Playhouse,"15,485,386  ","Aug 17, 2019"
Cooking,44, Entertainment,4:47,Toys and Colors,Jannie Pretend Playing with Teleporting Science Imagination Toy | Kids Adventure,"13,613,485  ","Aug 21, 2019"
Cooking,45, Entertainment,2:00,Toys and Colors,Hide and Seek Song | Wendy Pretend Play Sing-Along Nursery Rhymes & Kids Songs,"17,977,723  ","Sep 2, 2019"
Cooking,46, Entertainment,3:14,Toys and Colors,Emma Play with Fun Swimming Pool Tube Water Slide for Kids Video,"21,363,455  ","Aug 31, 2019"
Cooking,47, Entertainment,3:44,Toys and Colors,Johny Johny Yes Papa | Jannie Pretend Play Going to Bed & Sleep Routine for Kids,"22,737,528  ","Sep 6, 2019"
Cooking,48, Entertainment,3:46,Toys and Colors,Jannie Pretend Play with Inflatable T Rex Pool Float Kids Toy,"19,133,695  ","Sep 4, 2019"
Cooking,49, Entertainment,2:00,Toys and Colors,Hide and Seek Song | Wendy Pretend Play Sing-Along Nursery Rhymes & Kids Songs,"17,977,723  ","Sep 2, 2019"
Cooking,50, Entertainment,2:20,Toys and Colors,What Shall We Do Song | Wendy & Jannie Pretend Play Sing-Along Nursery Rhymes & Kids Songs,"23,510,467  ","Sep 8, 2019"
Fashion,1,Howto & Style,1:10,Fashion Mumblr,20 FASHION TRENDS FOR 2020 // How To Wear Them Now // Fashion Mumblr,"197,684  ","Dec 29, 2019"
Fashion,2,Howto & Style,1:10,Fashion Mumblr,20 FASHION TRENDS FOR 2020 // How To Wear Them Now // Fashion Mumblr,"197,684  ","Dec 29, 2019"
Fashion,3,Howto & Style,2:18,Fashion Mumblr,WHAT'S NEW IN MY WARDROBE // DECEMBER 2019 //,"58,202  ","Dec 12, 2019"
Fashion,4,People & Blogs,27:34,Lydia Elise Millen,HOUSE PARTY AT OURS! | Lydia Elise Millen,"80,333  ","Jan 9, 2020"
Fashion,5,Howto & Style,21:10,HelloOctoberxo,LONG TO SHORT HAIR TRANSFORMATION | Hello October,"19,882  ","Jan 9, 2020"
Fashion,6, Entertainment,16:22,Brad Mondo,HAIRDRESSER REACTS TO LIFE CHANGING HAIRCUTS (long to pixie),"3,344,755  ","Jun 30, 2019"
Fashion,7, Entertainment,13:53,Brad Mondo,HAIRDRESSER REACTS TO PEOPLE BRUSHING OUT THEIR DREADLOCKS!,"4,436,879  ","May 19, 2019"
Fashion,8, Entertainment,17:33,Brad Mondo,HAIRDRESSER REACTS TO GIRLS GOING RED TO BLONDE AND BLONDE TO RED!,"5,323,570  ","Apr 28, 2019"
Fashion,9, Entertainment,18:04,Brad Mondo,HAIRDRESSER REACTS TO JENNA MARBLES GIVING HERSELF HAIR EXTENSIONS! | bradmondo,"2,855,484  ","Dec 22, 2017"
Fashion,10,Howto & Style,3:36:09,My Simple Little Pleasures,Holo Nail Foil Strips For My Birthday | Extended Nail Art Tutorial [Streamed 7/14/18],"211,155  ","Jul 15, 2018"
Fashion,11,People & Blogs,20:57,Safiya Nygaard,Real Vs Fake Makeup Under A Microscope,"8,358,240  ","Aug 24, 2018"
Fashion,12,People & Blogs,12:13,Safiya Nygaard,I Tried 18-Hour Lipstick,"7,223,316  ","May 23, 2017"
Fashion,13,People & Blogs,16:06,Safiya Nygaard,Wearing Online Dollar Store Makeup For A Week,"11,978,041  ","Nov 10, 2017"
Fashion,14,People & Blogs,19:42,Safiya Nygaard,Trying A Full Face Of Japanese Drugstore Makeup,"7,973,326  ","Jul 1, 2018"
Fashion,15,People & Blogs,18:17,Safiya Nygaard,I Bought A Full Face Of Makeup From Facebook Ads,"12,633,026  ","Mar 20, 2018"
Fashion,16,People & Blogs,9:53,Safiya Nygaard,I Got Custom Foundation From An App,"6,755,964  ","Apr 13, 2017"
Fashion,17,People & Blogs,13:08,Safiya Nygaard,I Tried The Diva Cup,"9,237,977  ","Apr 9, 2017"
Fashion,18,People & Blogs,6:08,Safiya Nygaard,I Tried A Period Beauty Box,"4,508,717  ","Jan 19, 2017"
Fashion,19,People & Blogs,6:26,Safiya Nygaard,We Tried Instagram Rainbow Bagels ‚Ä¢ Saf & Tyler,"2,890,262  ","Jan 17, 2017"
Fashion,20,People & Blogs,38:37,Safiya Nygaard,Baking A Wedding Cake With Every Possible Cake Flavor In It,"6,595,656  ","Dec 15, 2019"
Fashion,21,People & Blogs,27:54,Safiya Nygaard,Melting Every Candle From Bath & Body Works Together,"18,677,832  ","Dec 24, 2018"
Fashion,22,People & Blogs,13:19,Safiya Nygaard,Melting All My Nude Lipsticks Together,"9,250,182  ","Aug 11, 2017"
Fashion,23,Howto & Style,3:36:53,My Simple Little Pleasures,Nail Polish Testing | Fluid Art & Water Marbles [Streamed 4/27/19],"71,191  ","May 3, 2019"
Fashion,24,Howto & Style,2:04:12,My Simple Little Pleasures,Nail Polish Testing with Orly colors [Streamed 3/1/19],"60,680  ","Mar 6, 2019"
Fashion,25,Howto & Style,3:20:39,My Simple Little Pleasures,Nail Polish & Chill | Polish testing & multichrome mani [Streamed 2/13/19],"983,528  ","Feb 22, 2019"
Fashion,26,Howto & Style,0:15,My Simple Little Pleasures,Nail Polish Testing | Watercolor Flower Smooshy Marble Extended Nail Art Tutorial [Streamed 2/6/19],"377,674  ","Feb 19, 2019"
Fashion,27,People & Blogs,15:45,Simply Nailogical,Dollar Store Nail Art Challenged (when the taco doesn't dry),"14,048,731  ","Apr 7, 2018"
Fashion,28,Howto & Style,15:48,Simply Nailogical,Testing DUMB Nail Hacks (SimplyNailogical torture),"11,917,611  ","Oct 28, 2017"
Fashion,29,Howto & Style,18:03,Simply Nailogical,Testing Steam-off Nail Polish Remover,"2,527,719  ","Nov 9, 2019"
Fashion,30, Entertainment,10:11,Cut,Match the Pet to the Owner | Lineup | Cut,"893,767  ","Jan 9, 2020"
Fashion,31,Music,3:38,Halsey,Halsey - You should be sad,"252,819  ",Premiered 45 minutes ago
Fashion,32,Music,3:41,Selena Gomez,Selena Gomez - Rare (Official Lyrics),"68,876  ","Jan 9, 2020"
Fashion,33,Music,3:10,Selena Gomez,Selena Gomez - Let Me Get Me (Official Lyrics),"45,552  ","Jan 9, 2020"
Fashion,34,Music,4:23,Selena Gomez,A Sweeter Place,"25,869  ","Jan 9, 2020"
Fashion,35,Music,4:20,Hailee Steinfeld,Hailee Steinfeld - Wrong Direction,"880,618  ","Premiered Jan 8, 2020"
Fashion,36,Music,3:42,Niall Horan,Niall Horan - Put A Little Love On Me (Lyric Video),"212,155  ","Jan 7, 2020"
Fashion,37,Music,3:06,Lewis Capaldi,Lewis Capaldi - Someone You Loved,"95,552,392  ","Premiered Aug 29, 2019"
Fashion,38,Music,3:02,Selena Gomez,Cut You Off,"26,852  ","Jan 9, 2020"
Fashion,39,Music,2:29,Selena Gomez,Selena Gomez - Ring (Official Lyrics),"45,662  ","Jan 9, 2020"
Fashion,40,Music,4:24,Selena Gomez,Selena Gomez - A Sweeter Place (Official Lyrics) ft. Kid Cudi,"61,091  ","Jan 9, 2020"
Fashion,41,Music,3:27,Selena Gomez,Selena Gomez - Lose You To Love Me (Official Lyrics),"16,921  ","Jan 9, 2020"
Fashion,42,Music,3:10,Selena Gomez,Selena Gomez - Let Me Get Me (Official Lyrics),"46,489  ","Jan 9, 2020"
Fashion,43,Music,3:41,Selena Gomez,Selena Gomez - Rare (Official Lyrics),"73,946  ","Jan 9, 2020"
Fashion,44,Music,3:38,Harry Styles,Harry Styles - Adore You (Official Video),"1,423,304  ","Jan 9, 2020"
Fashion,45,Music,3:31,The Weeknd,The Weeknd - Blinding Lights (Live on The Late Show with Stephen Colbert / 2019),"359,098  ","Jan 6, 2020"
Fashion,46,Music,0:16,Van Royals,The Weeknd - Blinding Lights (Bass Boosted),"1,386,916  ","Nov 29, 2019"
Fashion,47,Music,3:22,Urban Paradise,The Weeknd - Blinding Lights (Lyrics),"840,184  ","Dec 2, 2019"
Fashion,48,Music,2:42,Urban Paradise,Michael Lanza - Stay With Me (Lyrics),"38,208  ","Dec 23, 2019"
Fashion,49,Music,3:22,Win Sum,Sam Smith - How Do You Sleep? (Lyrics),"20,725,560  ","Jul 18, 2019"
Fashion,50,Music,4:03,Lyric King,Sam Smith - Fire on Fire | Lyrics on Screen,"3,570,946  ","Dec 21, 2018"
Gaming,1,Education,10:44,Spacebound,Top 10 Gamers Swatted On Live Stream,"31,219,031  ","Jan 21, 2016"
Gaming,2,Gaming,10:40,Spacebound,Fortnite Streamers KILLED BY HACKERS LIVE! (Hilarious Glitches and Fails),"236,879  ","Aug 3, 2019"
Gaming,3,Gaming,1:18,GamingWithGarry,I Found the BEST Fortnite HACKERS on YOUTUBE!,"132,370  ","Aug 5, 2019"
Gaming,4,Gaming,10:19,Txns,Fortnite | Fashion Show! Skin Competition! Best *OG DRIP* & EMOTES WINS! [4/8],"100,084  ","Jan 9, 2020"
Gaming,5,Gaming,5:23,Txns,FORTNITE | Mouse and Keyboard VS Controller! | 100 LIKES For PT 2!,"197,973  ","Dec 29, 2019"
Gaming,6,Gaming,7:54:04,Razor,"Playing Geometry Dash, but Every like makes it faster (World Record Playing for 1 YEAR)","11,481  ",LIVE
Gaming,7,Gaming,3:18:50,Dopey,Playing Slither.io Mobile Game for 365 Days ( World Record ),"7,723  ",LIVE
Gaming,8,Gaming,5:14:29,Marl,"Playing Temple Run, but Every like makes it faster (World Record Playing for 1 YEAR)","30,135  ",LIVE
Gaming,9,Gaming,6:20:40,Booth,"Playing Flappy Bird, but Every LIKE makes it faster (World Record Playing for 1 YEAR)","3,276  ",LIVE
Gaming,10,Gaming,1:04,DinoBoss,"Playing Chrome Dinosaur game, Every LIKE makes it Faster (World Record 1 YEAR)","3,869  ",LIVE
Gaming,11,Gaming,6:23:46,Danila Fox,"Playing Chrome Dinosaur game, Every like makes it Faster (World Record 1 YEAR)","1,517  ",LIVE
Gaming,12,Gaming,6:24:00,Danila Fox,"Playing Flappy Bird, Every like makes it faster (World Record 1 YEAR)","1,646  ",LIVE
Gaming,13,Gaming,6:24:04,Danila Fox,"Playing Chrome Dinosaur game, Every like makes it Faster (World Record 1 YEAR)","1,518  ",LIVE
Gaming,14,Gaming,6:24:14,Danila Fox,"Playing Flappy Bird, Every like makes it faster (World Record 1 YEAR)","1,650  ",LIVE
Gaming,15,Gaming,6:24:20,Danila Fox,"Playing Chrome Dinosaur game, Every like makes it Faster (World Record 1 YEAR)","1,532  ",LIVE
Gaming,16,Gaming,6:24:32,Danila Fox,"Playing Flappy Bird, Every like makes it faster (World Record 1 YEAR)","1,660  ",LIVE
Gaming,17,Gaming,4:40,BillehBawb,"MORE Google Dinosaur Game HACKS „ÄåArcade Mode, Invincibility, Character Swaps, Speed, and MORE!„Äç","11,304,248  ","Apr 15, 2018"
Gaming,18,Gaming,6:51,Dougy,25 More Trolls to Make in Super Mario Maker 2,"25,417  ","Jan 8, 2020"
Gaming,19,Gaming,10:04,Dougy,25 Trolls to Make in Super Mario Maker 2,"503,224  ","Sep 17, 2019"
Gaming,20,Gaming,4:19,ruizgerman,Cat Mario 1-2 [Now with 30% more traps!] (3D World Style) - Super Mario Maker 2,"195,459  ","Aug 16, 2019"
Gaming,21,Gaming,6:51,Dougy,25 More Trolls to Make in Super Mario Maker 2,"25,417  ","Jan 8, 2020"
Gaming,22,Gaming,20:15,DGR,I Attempted The HOTTEST Mario Maker 2 SPEEDRUN!!,"76,441  ","Jan 9, 2020"
Gaming,23,Gaming,12:04,DGR,The Newest Ninji Speedrun Is WAY Different Than The Past Two...,"156,994  ","Jan 8, 2020"
Gaming,24,Gaming,15:08,DGR,The New Link NINJI SPEEDRUN Is Absolutely CRAZY!!!,"194,182  ","Dec 20, 2019"
Gaming,25,Gaming,5:14,Andrewrb15,Trap Adventure 2 Speedrun 4:56.50,"4,914,881  ","Feb 19, 2018"
Gaming,26,Gaming,5:54,RossNation,Trap Adventure 2 Speedrun/Walkthrough,"2,374,240  ","Feb 1, 2018"
Gaming,27,Gaming,1:00,DarkX2 - Nintendo Gameplays,Super Mario Maker 2 Versus Multiplayer Online,"7,772  ","Jan 8, 2020"
Gaming,28,Gaming,3:16,DarkX2 - Nintendo Gameplays,Super Mario Maker 2 üîß A Room Of Tricks With Shrooms & Bricks üîß Jason SMB3,"128,084  ","Sep 22, 2019"
Gaming,29,Gaming,12:39,DarkX2 - Nintendo Gameplays,Super Mario Maker 2 Versus 10 Win Streak!,"18,771  ","Jan 3, 2020"
Gaming,30,Gaming,6:51,Dougy,25 More Trolls to Make in Super Mario Maker 2,"25,417  ","Jan 8, 2020"
Gaming,31,Gaming,12:39,DarkX2 - Nintendo Gameplays,Super Mario Maker 2 Versus 10 Win Streak!,"18,771  ","Jan 3, 2020"
Gaming,32,Gaming,6:51,Dougy,25 More Trolls to Make in Super Mario Maker 2,"25,417  ","Jan 8, 2020"
Gaming,33,Gaming,12:39,DarkX2 - Nintendo Gameplays,Super Mario Maker 2 Versus 10 Win Streak!,"18,771  ","Jan 3, 2020"
Gaming,34,Gaming,1:49,DarkX2 - Nintendo Gameplays,Super Mario Maker 2 üîß Skillful Platformer 2-3 üîß Armored103,236  ,"Jan 9, 2020"
Gaming,35,Gaming,0:19,Vizually,New Team! Master Ball Pokemon Sword Shield Wifi Battles,"1,313  ",LIVE
Gaming,36,Gaming,4:22:41,PokeTurtle !,Shiny Pokemon Raids!! pokemon sword and shield,26  ,LIVE
Gaming,37,Gaming,11:14:07,MoMoShiShi,Pokemon Sword and Shield  Ultra Shiny G-MAX CHARIZARD with HA RAID,25  ,LIVE
Gaming,38,Gaming,4:15:33,Vizually,New Team! Master Ball Pokemon Sword Shield Wifi Battles,"1,310  ",LIVE
Gaming,39,Gaming,5:54:24,TheSupremeRk9s,LIVE SWORD & SHIELD SHINY HUNTING ~ Full Odds Obstagoon with a GUITAR HERO CONTROLLER!!,547  ,LIVE
Gaming,40, Entertainment,7:20:09,FiberOpticBlue,Pokemon Shield SHINY RAIDS,11  ,LIVE
Gaming,41, Entertainment,3:30:37,Benign Cactus,POKEMON SWORD AND SHIELD LIVE STREAM /  RAIDS?!?!/ONLINE BATTLES?!?!/MULTI BATTLES?!?!   JOIN US!!!,11  ,LIVE
Gaming,42,Gaming,3:33:05,Final Plays,"Pokemon Shield Playthrough, Raids and a DEMO",2  ,LIVE
Gaming,43,Gaming,2:24:40,Twilite_TA,Casual Doubles | DLC Discussions | Pokemon Sword|Shield,1  ,LIVE
Gaming,44,Gaming,4:30:28,Twilite_TA,Casual Doubles | January Direct Predictions | Pokemon Sword|Shield,57  ,"Streamed live on Jan 8, 2020"
Gaming,45,Gaming,2:24:54,Twilite_TA,Casual Doubles | DLC Discussions | Pokemon Sword|Shield,1  ,LIVE
Gaming,46,Gaming,3:33:35,Final Plays,"Pokemon Shield Playthrough, Raids and a DEMO",1  ,LIVE
Gaming,47,Gaming,6:26:37,Lycan Luxray,Shiny Galarian Slowpoke Hunt Stream w/Shiny Charm Masuda Method,4  ,LIVE
Gaming,48,Gaming,3:25:47,David Seeley,Pokemon: Sword | Live Stream - Shiny Hunt: Sinistea [Hatchathon Week] Day 4!,17  ,LIVE
Gaming,49,Gaming,5:55:36,TheSupremeRk9s,LIVE SWORD & SHIELD SHINY HUNTING ~ Full Odds Obstagoon with a GUITAR HERO CONTROLLER!!,554  ,LIVE
Gaming,50, Entertainment,6:25:49,Shadow Black,LIVE | NO HACKS | SHINY HUNTING SLOWPOKE |  POKEMON SWORD AND SHIELD,51  ,LIVE
Health,1,Howto & Style,1:14,PsycheTruth,"What to EAT! Basic Nutrition, Weight Loss, Healthy Diet, Best Foods Tips | Virtual Health Coach","722,620  ","Aug 23, 2013"
Health,2,Howto & Style,2:22,PsycheTruth,"Top 10 Foods for Weight Loss, Healthy Eating, Sugar Cravings, Diet Tips, Vegetarian,","184,129  ","Jul 28, 2015"
Health,3,Education,15:47,Dr Mona Vand,What I Eat Breakfast | Dr Mona Vand,"3,848,886  ","May 29, 2018"
Health,4,Education,0:30,Healthytarian,"How to Make a Green Smoothie ‚Äî 5 Step Template (whole food vegan, oil-free)","1,141,108  ","May 28, 2018"
Health,5,Howto & Style,1:11,Clean & Delicious,Beets 101 - Everything You Need To Know,"934,286  ","Jun 3, 2014"
Health,6,Education,12:48,SuperfoodEvolution,"Top Benefits of Celery Juice, Why Consider It?","756,095  ","Mar 12, 2019"
Health,7,Howto & Style,6:37,CaliKim29 Garden & Home DIY,How to Grow Celery the Easy Way From Organic Store Bought Celery (Inside or Outside),"263,727  ","Nov 15, 2017"
Health,8,Howto & Style,11:02,Kaye Kittrell | Late Bloomer Urban Organic Garden Show,What is CELERY BLANCHING and How to Do It | Los Angeles,"14,791  ","Mar 28, 2019"
Health,9,Travel & Events,2:03,Karen Jones,Harvesting Celery including blanching before harvest,"5,310  ","Jul 9, 2017"
Health,10,Howto & Style,15:59,Gardener Scott,How to Prune Tomatoes for the Best Harvest,"285,499  ","Jul 20, 2018"
Health,11,Howto & Style,4:07,Fine Gardening,Garden Tips | How to Prune Tomato Plants,"4,954  ","Jun 29, 2018"
Health,12,Education,3:16,UAEX Fruit & Vegetable,How to Prune Indeterminate Tomatoes to a Double Leader System,"1,384  ","May 23, 2018"
Health,13,Howto & Style,9:20,Scott Head,How to Prune Indeterminate and Determinate Tomatoes for Healthy Yields || Black Gumbo,"157,558  ","Apr 20, 2019"
Health,14,People & Blogs,12:32,Gardening With Leon,Determinate And Indeterminate Tomatoes Ep 22,"31,202  ","May 12, 2019"
Health,15,People & Blogs,9:49,Gardening With Leon,Filling Wick Tub with soil and fertilizer Ep 20A,"190,349  ","Apr 22, 2019"
Health,16,People & Blogs,3:11,GroTech Garden Products,GroBucket - The Ultimate Self-Watering Container Garden - Grow Bucket,"140,153  ","Jan 16, 2017"
Health,17,Howto & Style,7:15,arturoquimico,Convert A Plastic Pot Into A Self Watering Container 081612,"43,728  ","Aug 17, 2012"
Health,18,Education,15:37,Growing Organic TV Show,CLONE your FRUIT TREES with these 3 common household items,"1,541,829  ","Mar 25, 2018"
Health,19,Education,14:13,JSacadura,Rooting Fig Cuttings | Are rooting hormones really needed?,"49,840  ","Dec 26, 2019"
Health,20,Howto & Style,5:31,LAN QU√ä KT,"LAN QU√ä KTüçÄC√°ch l√†m D·ªäCH CHU·ªêI ƒê∆†N GI·∫¢N . d√πng cho phong lan , hoa m√†u (Bananas and crops)...","515,212  ","Jul 1, 2019"
Health,21,People & Blogs,1:59,SABOR DA TERRA,Horta vertical,"1,780,344  ","Nov 10, 2016"
Health,22,Howto & Style,6:08,Easy Home Gardening,Best Method To Grow Upside Down Tomato Plant in Plastic Hanging Bottles (in English),"1,008,644  ","Feb 26, 2019"
Health,23,Howto & Style,3:30,Garden view point,Upside down tomato planter/How to grow tomato/Plastic bottles vegetable garden,"1,181,500  ","Feb 20, 2019"
Health,24, Entertainment,0:15,Hortinha em Casa,Tomateiro Invertido | Tomato Plants Inverted,"7,213,783  ","Jul 31, 2016"
Health,25,People & Blogs,5:53,World Clik,"Como Plantar Tomate da forma mais f√°cil que existe, passo a passo","619,167  ","Nov 18, 2018"
Health,26, Entertainment,5:27,Hortinha em Casa,Tomateiro Invertido | Tomato Plants Inverted,"7,213,783  ","Jul 31, 2016"
Health,27,Howto & Style,4:21,Juan Pablo Londono,Vertical green garden,"1,486,767  ","Apr 10, 2016"
Health,28,Howto & Style,3:55,Diana Win,Huerto Vertical con botellas de PET,"104,132  ","May 28, 2015"
Health,29,People & Blogs,2:03,Historias de Campo,Aprende a hacer huertos verticales con la Escuela de RRNN DUOC UC,"12,468  ","Jul 14, 2016"
Health,30,Education,3:59,sustentAR tv,"Huerta vertical, paso a paso","28,125  ","Jul 27, 2014"
Health,31,Science & Technology,8:00,Gaia Ciencia,¬øC√≥mo se construye un Huerto Urbano?,"1,711,687  ","Jul 15, 2014"
Health,32,News & Politics,3:36,Antena125,Huertos de #Azotea una alternativa de auto empleo para #AmasdeCasa en #SanMateoAtenco,"461,409  ","May 14, 2018"
Health,33,Education,6:23,LucasGrowsBest,"Plentiful Front Yard Garden Harvest, Sustainable Food Growing In a Small Space!","382,012  ","Sep 13, 2019"
Health,34,Howto & Style,9:06,Plant Abundance,Low Maintenance Backyard Food Forest Garden Produces An AMAZING Amount Of Food All Year Long!,"82,836  ","Dec 26, 2019"
Health,35,Music,6:50,Mishnoon Film Productions Channel,"Home Gardening Tips: Tomatoes, Eggplants, Basil, and Dewberries.","95,800  ","Jun 16, 2014"
Health,36,Howto & Style,6:06,GrowVeg,Square Foot Gardening (SFG): Growing More in Less Space,"565,807  ","Mar 14, 2014"
Health,37,People & Blogs,8:49,Spring Hill Farms,HOW TO PRUNE YOUR CUCUMBER PLANTS FOR BEST PRODUCTION.,"1,054,412  ","Jun 7, 2017"
Health,38,People & Blogs,3:57,GetUpAndGrow,How To Prune Cucumbers,"555,102  ","Jun 12, 2013"
Health,39,Education,7:56,University of Kentucky Horticulture,Trellising and Pruning for Soilless Cucumbers,"6,063  ","Sep 22, 2016"
Health,40,People & Blogs,17:02,The Millennial Gardener,"How To Stake, Prune And Tie Tomatoes - Single Stem Pruning Method","254,447  ","May 25, 2019"
Health,41,Education,13:12,UniversityOfRI,Tomato Trellising for a High Tunnel Environment,"271,289  ","Feb 19, 2014"
Health,42,Education,11:15,Michael Luck,Easy Tomato Trellis,"49,649  ","Feb 20, 2015"
Health,43,People & Blogs,2:09,My Front Yard Garden,Cattle Panel Trellis - My Front Yard Garden,"35,662  ","Jun 13, 2014"
Health,44,Howto & Style,5:17,okhomestead,Cattle Fencing Trellis 5-18-11,"12,608  ","May 18, 2011"
Health,45,Howto & Style,0:15,Go Green,11 vegetables and herbs You Can Buy Once and Regrow Forever - Gardening Tips,"2,649,779  ","Jul 21, 2018"
Health,46,Howto & Style,0:15,GardenClips,How to Grow Lime Trees from Clippings - Easy way to grow Lime Trees & Lemon Trees from Cuttings,"3,304,289  ","Apr 1, 2016"
Health,47,Howto & Style,3:44,D'rustic World,"How to Marcot Calamansi, Calamondin Air Layering","2,674,567  ","Jan 4, 2019"
Health,48,People & Blogs,3:13,TreeMentor,New Method - Air Layering With Water,"78,105  ","Dec 11, 2019"
Health,49,People & Blogs,3:06,Garden and Home,New Method Reinforcing air layer with water on mango tree,"225,993  ","Nov 12, 2019"
Health,50,Howto & Style,3:49,Rumah bibit,"Cuma botol bekas sama tali,Lihat hasil akhirnya||Cara mencangkok Jambu Air","742,456  ","May 28, 2019"
Music,1,Music,0:15,Luis Fonsi,Luis Fonsi - Despacito ft. Daddy Yankee,"6,594,483,403  ","Jan 12, 2017"
Music,2,Music,3:08,Yusceglys Music BBay,Despacito Luis Fonsi ft Daddy Yankee (Video Oficial),"36,248,699  ","Jan 13, 2017"
Music,3,Music,0:19,7SKIES,Old Dominion - One Man Band (Lyrics),"829,651  ","Nov 5, 2019"
Music,4,Music,0:19,7clouds,Tones and I - Dance Monkey (Lyrics),"10,345,889  ","Jan 3, 2020"
Music,5,Music,3:29,Cakes & Eclairs,TONES AND I - DANCE MONKEY (Lyrics),"24,059,470  ","Dec 26, 2019"
Music,6,Music,3:27,7clouds,Tones and I - Dance Monkey (Lyrics),"10,345,889  ","Jan 3, 2020"
Music,7,Music,3:27,Popular Music,Tones And I - Dance Monkey (Lyrics),"6,798,431  ","Jan 2, 2020"
Music,8,Music,3:32,Mr Shades,Tones and I - Dance Monkey (Lyrics),"4,371,434  ","Jan 5, 2020"
Music,9,Music,3:27,Taj Tracks,Tones and I - Dance Monkey (Lyrics),"15,713,292  ","Dec 20, 2019"
Music,10,Music,3:32,Mr Shades,Tones and I - Dance Monkey (Lyrics),"4,371,434  ","Jan 5, 2020"
Music,11,Music,3:27,7clouds,Tones and I - Dance Monkey (Lyrics),"10,358,339  ","Jan 3, 2020"
Music,12,People & Blogs,3:56,JR Viral Hits,Tones And I- Dance Monkey Lyrics,"21,190,411  ","Jul 25, 2019"
Music,13, Entertainment,4:56,Talent Recap,Ansley Burns: 11-Year-Old FIGHTS On After Simon Stops Her! | America's Got Talent 2019,"4,453,043  ","Jun 18, 2019"
Music,14, Entertainment,7:34,TheEllenShow,Epic or Fail LIVE!,"76,180,149  ","Oct 1, 2015"
Music,15, Entertainment,3:26,TheEllenShow,Kevin Hart and Ellen Play Jenga,"21,342,904  ","Feb 11, 2014"
Music,16, Entertainment,3:45,TheEllenShow,Henry Winkler Plays 'Are You Smarter Than Two Kid Geography Experts?',"2,942,988  ","May 7, 2019"
Music,17,Sports,0:49,Brad Allen,Karma gets you at the Spelling Bee,"5,478,478  ","May 27, 2016"
Music,18,News & Politics,0:36,Inside Edition,Watch This Baby Adorably Get Confused By Dad and His Identical Twin,"4,543,421  ","Feb 10, 2016"
Music,19,News & Politics,1:19,Inside Edition,Cristiano Ronaldo Fools Everyone Performing Soccer Tricks in Disguise,"1,050,551  ","Aug 4, 2015"
Music,20,News & Politics,1:25,Inside Edition,Boy Who Wore Lionel Messi Soccer Jersey Made Out of A Plastic Bag Meets His Idol,"1,567,675  ","Dec 13, 2016"
Music,21,News & Politics,0:14,ABC News,Teacher Has Incredible Handshakes With Each Student | ABC News,"23,831,784  ","Feb 2, 2017"
Music,22,News & Politics,1:35,ABC News,Police Fill Elevator Silence With Sick Beats,"8,902,011  ","Oct 6, 2016"
Music,23,People & Blogs,5:37,HiHo Kids,We Challenged Kids to Not Move with Dunk Tank and Unicorn! | Don‚Äôt You Dare | HiHo Kids,"1,683,982  ","Dec 12, 2019"
Music,24,Film & Animation,2:54,DreamWorksTV,Magic Phone | JUNK DRAWER MAGIC,"3,276,608  ","Apr 30, 2016"
Music,25,Film & Animation,5:29,DreamWorksTV,"""Solving"" a Rubik‚Äôs Cube in Seconds | JUNK DRAWER MAGIC","7,275,534  ","Apr 22, 2017"
Music,26,Film & Animation,2:54,DreamWorksTV,Magic Phone | JUNK DRAWER MAGIC,"3,276,608  ","Apr 30, 2016"
Music,27,Film & Animation,1:45,Peppa Pig - Official Channel,Peppa Pig Episodes - How to be a proper tiger (clip),"5,659,434  ","May 27, 2016"
Music,28,Film & Animation,1:14,Peppa Pig - Official Channel,Peppa Pig Episodes - Daddy Pig's pancake (clip),"5,922,775  ","Jun 16, 2016"
Music,29,Film & Animation,1:45,Peppa Pig - Official Channel,Peppa Pig Episodes - How to be a proper tiger (clip),"5,659,434  ","May 27, 2016"
Music,30,Film & Animation,1:56,Peppa Pig - Official Channel,Peppa Pig Episodes - Ice cream (clip),"2,976,625  ","Jul 4, 2016"
Music,31,Film & Animation,1:35,Peppa Pig - Official Channel,Peppa Pig Episodes - Peppa and George wash the car (clip),"12,871,536  ","Jul 25, 2016"
Music,32,Film & Animation,1:24,Peppa Pig - Official Channel,Peppa Pig Episodes - Paddling pool (clip),"2,742,324  ","Jul 20, 2016"
Music,33,Film & Animation,1:25,Peppa Pig Surprise,Peppa Pig - Daddy Pig gets stuck on the slide (clip),"14,652,730  ","Jul 25, 2016"
Music,34,Film & Animation,1:56,Peppa Pig - Official Channel,Peppa Pig Episodes - Ice cream (clip),"2,976,625  ","Jul 4, 2016"
Music,35,Film & Animation,1:27,Peppa Pig - Official Channel,Peppa Pig Episodes - Very hot day (clip),"14,844,955  ","Aug 14, 2015"
Music,36,Film & Animation,1:46,Peppa Pig - Official Channel,Peppa Pig Episodes - The little boat (clip),"9,290,250  ","May 1, 2015"
Music,37,Film & Animation,1:56,Peppa Pig - Official Channel,Peppa Pig Episodes - Ice cream (clip),"2,976,625  ","Jul 4, 2016"
Music,38,Film & Animation,1:37,Peppa Pig Surprise,Peppa Pig - Pancakes (clip),"12,480,045  ","Nov 30, 2015"
Music,39,Film & Animation,1:56,Peppa Pig Surprise,Peppa Pig - Ice cream (clip),"40,209,069  ","Jul 4, 2016"
Music,40,Film & Animation,1:25,Peppa Pig Surprise,Peppa Pig - Daddy Pig gets stuck on the slide (clip),"14,652,730  ","Jul 25, 2016"
Music,41,Film & Animation,2:20,The Home of Peppa Pig,Peppa Pig - The Blackberry Bush,"28,666,379  ","Aug 7, 2015"
Music,42,Film & Animation,1:24,Peppa Pig - Official Channel,Peppa Pig Episodes - Paddling pool (clip),"2,742,324  ","Jul 20, 2016"
Music,43,Film & Animation,1:55,Peppa Pig - Official Channel,Peppa Pig Episodes - Where's the torch? (clip),"6,800,775  ","Oct 13, 2016"
Music,44,Film & Animation,1:24,Peppa Pig - Official Channel,Peppa Pig Episodes - Paddling pool (clip),"2,742,683  ","Jul 20, 2016"
Music,45,Film & Animation,1:56,Peppa Pig - Official Channel,Peppa Pig Episodes - Ice cream (clip),"2,977,100  ","Jul 4, 2016"
Music,46,Film & Animation,1:24,Peppa Pig - Official Channel,Peppa Pig Episodes - Paddling pool (clip),"2,742,692  ","Jul 20, 2016"
Music,47,Film & Animation,1:24,Peppa Pig - Official Channel,Peppa Pig Episodes - Daddy Pig gets stuck on the slide (clip),"3,175,335  ","Jul 11, 2016"
Music,48,Film & Animation,1:56,Peppa Pig - Official Channel,Peppa Pig Episodes - Ice cream (clip),"2,977,100  ","Jul 4, 2016"
Music,49,Film & Animation,1:14,Peppa Pig - Official Channel,Peppa Pig Episodes - Daddy Pig's pancake (clip),"5,923,391  ","Jun 16, 2016"
Music,50,Film & Animation,1:24,Peppa Pig - Official Channel,Peppa Pig Episodes - Paddling pool (clip),"2,742,692  ","Jul 20, 2016"
Nonprofits & Activism,1,Howto & Style,9:36,Anderson Business Advisors,Benefits of Starting a Nonprofit Organization -  Running a Nonprofit Business,"72,992  ","Oct 26, 2018"
Nonprofits & Activism,2,Education,35:42,Valerie Paine,Build Wealth & Keep It...Like the Rothchilds,"762,422  ","Mar 21, 2013"
Nonprofits & Activism,3,Film & Animation,12:23,Nathan Rogerson Financial,Build Wealth by Starting Your Own Personal Bank,"821,923  ","Oct 3, 2014"
Nonprofits & Activism,4, Entertainment,1:47:39,Mitch Ray,"BITCOIN LIVE ‚ùÑ‚ùÑ BTC Sell Off, Stock Market ATH! ‚ùÑ‚ùÑ Episode 819 - Crypto Technical Analysis",419  ,LIVE
Nonprofits & Activism,5,News & Politics,1:18,Fox News,Sarah Sanders: The only thing that is going to deter Iran is strength,"95,891  ","Jan 9, 2020"
Nonprofits & Activism,6,News & Politics,0:19,Fox News,"Esper: US not seeking war with Iran, but we are looking to finish one","690,432  ","Streamed live on Jan 7, 2020"
Nonprofits & Activism,7,News & Politics,6:49,Fox News,Rep. Zeldin blasts Pelosi's war powers resolution: 'it's a press release',"44,941  ","Jan 9, 2020"
Nonprofits & Activism,8,News & Politics,7:09,Fox News,Ted Cruz: Taking Soleimani out has made US safer,"637,786  ","Jan 7, 2020"
Nonprofits & Activism,9,News & Politics,1:35,Global News,Canadian Forces members stationed at airbase targeted by Iranian missile attack,"252,674  ","Jan 7, 2020"
Nonprofits & Activism,10,News & Politics,2:19,The Sun,'Slap in the face for US' - Iran Supreme Leader Ayatollah Ali Khamenei on missile strike,"1,184,305  ","Jan 8, 2020"
Nonprofits & Activism,11,News & Politics,1:16,Evening Standard,Iran Soleimani death: Iran's Supreme Leader weeps at the funeral of Qassem Soleimani,"1,006,287  ","Jan 6, 2020"
Nonprofits & Activism,12, Entertainment,3:54,ÿµÿ≠ŸäŸÅÿ© ÿßŸÑÿ®ŸäÿßŸÜ ÿßŸÑÿ•ŸÖÿßÿ±ÿßÿ™Ÿäÿ©,ÿßŸÑŸÖŸÇÿ∑ÿπ ÿßŸÑÿ∞Ÿä ÿßÿ¨ÿ™ÿ∞ÿ® ÿ£ŸÉÿ´ÿ± ŸÖŸÜ 33 ŸÖŸÑŸäŸàŸÜ ŸÖÿ¥ÿßŸáÿØÿ©,"23,291,605  ","Nov 6, 2012"
Nonprofits & Activism,13,Howto & Style,2:21,Rex Schaller,Unhappy Campers Escape Lions At Night,"5,415,340  ","Jul 28, 2019"
Nonprofits & Activism,14,Film & Animation,3:07,Movieclips,Out of Africa (3/10) Movie CLIP - Lions Attack Karen's Ox (1985) HD,"1,069,055  ","Jun 27, 2011"
Nonprofits & Activism,15,People & Blogs,0:41,mohsin khan,sasan gir,"1,334,680  ","Oct 19, 2016"
Nonprofits & Activism,16, Entertainment,1:10,ajay lion,E:\Group on Road.MPG,"268,546  ","Jun 4, 2011"
Nonprofits & Activism,17,Pets & Animals,2:13,Shailendra Bhatt,A Close Encounter with Male Asiatic Lion,"67,215  ","Dec 28, 2012"
Nonprofits & Activism,18,Travel & Events,1:36,docarvind4u,Lions Friends of Gir Jungle Gujarat - Awesome lion video,"243,784  ","Oct 4, 2011"
Nonprofits & Activism,19,People & Blogs,31:12,Life Snakes,"S∆∞ t·ª≠ SƒÉn m·ªìi c·ª±c ƒë·ªânh : h∆∞∆°u , linh d∆∞∆°ng nh∆∞ng l·∫ßn th·ª© 3 l·∫°i Th√™ Th·∫£m C√∫ S√∫t  uy l·ª±c nh·∫•t","7,382,370  ","Dec 22, 2019"
Nonprofits & Activism,20,People & Blogs,41:51,Life Turtle,B·ªã Si·∫øt Ch·∫∑t L·ª≠ng m·∫≠t th√¥ng minh tho√°t kh·ªèi NTN Gian Snakes vs Jackal Dog vs Honey badger vs Python,"1,737,164  ","Dec 19, 2019"
Nonprofits & Activism,21,Pets & Animals,1:27,ojatro,Python vs Alligator 10 -- Real Fight -- Python attacks Alligator,"43,679,149  ","Jan 9, 2012"
Nonprofits & Activism,22,People & Blogs,4:58,ÿ£ÿ®Ÿà ÿ≥ÿßŸÑŸÖ ÿßŸÑÿ≥ŸÜŸäÿØŸä,ÿµŸäÿØ ÿ≥ŸÖŸÉ ÿßŸÑÿ¨Ÿäÿ∞ÿ± (ÿ£ÿ®Ÿà ÿ¥ÿßŸÖÿ≥ ÿßŸÑÿ≥ŸÜŸäÿØŸä),"6,825,254  ","Oct 28, 2013"
Nonprofits & Activism,23,People & Blogs,7:50,kapak kayu,Beginilah cara nelayan bagan siapi api menangkap udang..(bubu tarik),"2,005,235  ","Feb 17, 2019"
Nonprofits & Activism,24,People & Blogs,4:08,Primitive Adventure KT,Primitive Life - Primitive Fishing Skills Find and Catch Giant Big Fish At River For Survival Winter,"80,288  ","Jan 7, 2020"
Nonprofits & Activism,25,People & Blogs,0:15,Survival Cooking,Biggest Giant Fish - Primitive Fishing Skills Find And Catch Big Fish At River For Survival,"467,782  ","Jan 8, 2020"
Nonprofits & Activism,26,People & Blogs,0:30,Survival Cooking,Survival Skills - Primitive Life Dig Deep Mud Hole to Finding Fish Meet Catfish - Catch Unique Fish,"1,475,109  ","Dec 30, 2019"
Nonprofits & Activism,27,People & Blogs,5:01,Primitive YummyCooking,Smart girl : Forest people primitive finding food meet chicken and ethnic girl in wild forest,"3,540,458  ","Dec 20, 2019"
Nonprofits & Activism,28,People & Blogs,6:02,Survival Skills VL,Primitive Life - Forest People Catch Catfish and Meet Ethnic Girl,"29,306  ","Jan 7, 2020"
Nonprofits & Activism,29,Music,0:21,Best Worship Songs,2 Hours Non Stop Worship Song 2020 - Best Christian Worship Songs of All Time - Best Worship Songs,143  ,LIVE
Nonprofits & Activism,30,Music,4:44,John L. Rothra,Above All [with lyrics] - Lenny LeBlanc,"23,092,627  ","May 8, 2011"
Nonprofits & Activism,31,Travel & Events,4:26,Ale Quintana,SHOUT TO THE LORD (LYRICS),"48,158,708  ","May 11, 2009"
Nonprofits & Activism,32,Music,3:12,soni817,Lord I Lift Your Name On High - Maranatha Singers (With Lyrics),"4,738,209  ","Nov 8, 2008"
Nonprofits & Activism,33,Music,5:07,Una youtuber per casa,Days of Elijah - Robin Mark,"2,219,749  ","Jun 30, 2011"
Nonprofits & Activism,34,Nonprofits & Activism,4:21,SilentVoiceTV,Blessed Assurance Christian  Worship Song Lyrics,"8,820,145  ","Jun 10, 2017"
Nonprofits & Activism,35,Music,1:32,mccollumpc,Standing on the Promises,"6,279,705  ","Jul 16, 2008"
Nonprofits & Activism,36,Music,1:44,Zachary Mills,When we all get to Heaven-Alan Jackson,"608,126  ","Apr 25, 2013"
Nonprofits & Activism,37,Music,2:49,Goober Sir,I Love to Tell the Story By Alan Jackson,"680,645  ","Feb 16, 2013"
Nonprofits & Activism,38,Nonprofits & Activism,2:13,Worship Videos,Alan Jackson - What A Friend We have In Jesus [with lyrics],"2,091,322  ","Sep 24, 2011"
Nonprofits & Activism,39,People & Blogs,4:17,Johnny Carrasquillo,Turn Your Eyes Upon Jesus  Lyrics   YouTube,"1,123,330  ","Apr 4, 2016"
Nonprofits & Activism,40, Entertainment,4:45,Evolsiay Tulip,Be thou my vision - (with lyrics),"5,808,536  ","Dec 22, 2009"
Nonprofits & Activism,41,Music,4:24,boaztsai,All I once held dear - Robin Mark,"2,249,181  ","Aug 26, 2010"
Nonprofits & Activism,42,People & Blogs,9:41,jvh003,Robin Mark -- The Wonder of Your Cross,"453,806  ","May 7, 2010"
Nonprofits & Activism,43,Music,5:01,Pastor Shefabrook,Robin Mark   We Bow Down,"296,724  ","Jan 6, 2013"
Nonprofits & Activism,44,Music,3:47,Lourdz,We Choose the Fear of the Lord - Maranatha Singers,"767,668  ","Jun 22, 2008"
Nonprofits & Activism,45,Music,2:33,Lourdz,Blessed be the Lord God Almighty - Maranatha Singers,"1,417,481  ","Jun 21, 2008"
Nonprofits & Activism,46,People & Blogs,3:30,holygardensotonilo,I see you Lord,"2,219,231  ","Jan 28, 2008"
Nonprofits & Activism,47,People & Blogs,4:40,Rechelle Cula,Lord I Offer My Life Lyrics - Jamie Rivera,"5,162,799  ","Nov 22, 2014"
Nonprofits & Activism,48,Music,4:22,josefa27,DRAW ME CLOSE - WORSHIP JAMZ,"48,714,466  ","Aug 18, 2006"
Nonprofits & Activism,49,Music,4:38,ivanna eightyeight,Above all,"9,662,774  ","Mar 18, 2008"
Nonprofits & Activism,50,People & Blogs,4:01,FaithLouD FLD,William McDowell falling on my knees(lyric),"1,317,368  ","Jul 15, 2017"
Pets,1, Entertainment,10:43,CooL Vines,Try Not To Laugh Challenge - Funny Cat & Dog Vines compilation 2017,"217,213,465  ","Nov 18, 2017"
Pets,2,Pets & Animals,14:12,Wilderness TV,Rescue Abandoned Puppies Building Mud House Dog And Fish Pond For Red Fish,"188,617,080  ","Aug 20, 2019"
Pets,3,Gaming,4:27,·ûò·û∂·ûì ·ûà·û∏·ûõ·üÄ·ûî,Experiment: Coca Cola and Mentos vs Python Snake in Hole | Amazing Technology,"8,779,460  ","Dec 4, 2019"
Pets,4, Entertainment,0:15,bangla cine,"‡¶≠‡¶ø‡¶≤‡ßá‡¶® ‡¶∏‡ßé ‡¶¨‡ßã‡¶®   -‡¶ú‡ßÄ‡¶¨‡¶® ‡¶¨‡¶¶‡¶≤‡ßá ‡¶¶‡ßá‡¶Ø‡¶º‡¶æ ‡¶è‡¶ï‡¶ü‡¶ø ‡¶∂‡¶∞‡ßç‡¶ü‡¶´‡¶ø‡¶≤‡ßç‡¶Æ ""‡¶Ö‡¶®‡ßÅ‡¶ß‡¶æ‡¶¨‡¶®""-‡ß´‡ß¶  | Onudhabon Episode 50","1,137,456  ","Jan 5, 2020"
Pets,5, Entertainment,14:08,Piash Khan Films,‡¶¶‡¶æ‡¶ú‡ßç‡¶ú‡¶æ‡¶≤ ‡¶∏‡ßé ‡¶Æ‡¶æ | Dajjal Sot Ma | ‡¶ú‡ßÅ‡¶®‡¶ø‡¶Ø‡¶º‡¶∞ ‡¶Æ‡ßÅ‡¶≠‡¶ø | ‡¶ú‡ßÄ‡¶¨‡¶® ‡¶Æ‡ßÇ‡¶ñ‡ßÄ ‡¶∂‡¶∞‡ßç‡¶ü‡¶´‡¶ø‡¶≤‡ßç‡¶Æ | ‡¶¨‡¶æ‡¶∏‡ßç‡¶§‡¶¨‡¶§‡¶æ | Episode 01,"1,373,041  ","Dec 26, 2019"
Pets,6, Entertainment,17:32,bimu multimedia,‡¶∏‡ßé ‡¶Æ‡¶æ ‡¶Ü‡¶Æ‡¶æ‡¶∞ ‡¶ö‡ßã‡¶ñ‡ßá‡¶∞ ‡¶Æ‡¶®‡¶ø   -‡¶ú‡ßÄ‡¶¨‡¶® ‡¶¨‡¶¶‡¶≤‡ßá ‡¶¶‡ßá‡¶Ø‡¶º‡¶æ ‡¶è‡¶ï‡¶ü‡¶ø ‡¶∂‡¶∞‡ßç‡¶ü‡¶´‡¶ø‡¶≤‡ßç‡¶Æ ‚Äú‡¶Ö‡¶®‡ßÅ‡¶ß‡¶æ‡¶¨‡¶®‚Äù-‡ß©‡ß® | Onudhabon Episode 32,"814,924  ","Oct 17, 2019"
Pets,7, Entertainment,16:26,bangla cine,"‡¶∏‡ßé ‡¶Æ‡¶æ‡¶Ø‡¶º‡ßá‡¶∞ ‡¶Ö‡¶§‡ßç‡¶Ø‡¶æ‡¶ö‡¶æ‡¶∞  -‡¶ú‡ßÄ‡¶¨‡¶® ‡¶¨‡¶¶‡¶≤‡ßá ‡¶¶‡ßá‡¶Ø‡¶º‡¶æ ‡¶è‡¶ï‡¶ü‡¶ø ‡¶∂‡¶∞‡ßç‡¶ü‡¶´‡¶ø‡¶≤‡ßç‡¶Æ ""‡¶Ö‡¶®‡ßÅ‡¶ß‡¶æ‡¶¨‡¶®""- ‡ßß‡ßÆ | Onudhabon Episode 18","842,134  ","Aug 25, 2019"
Pets,8, Entertainment,13:52,bimu multimedia,‡¶∏‡ßé ‡¶Æ‡¶æ‡¶Ø‡¶º‡ßá‡¶∞ ‡¶Ö‡¶§‡ßç‡¶Ø‡¶æ‡¶ö‡¶æ‡¶∞- ‡ß® -‡¶ú‡ßÄ‡¶¨‡¶® ‡¶¨‡¶¶‡¶≤‡ßá ‡¶¶‡ßá‡¶Ø‡¶º‡¶æ ‡¶è‡¶ï‡¶ü‡¶ø ‡¶∂‡¶∞‡ßç‡¶ü‡¶´‡¶ø‡¶≤‡ßç‡¶Æ ‚Äú‡¶Ö‡¶®‡ßÅ‡¶ß‡¶æ‡¶¨‡¶®‚Äù-‡ß´‡ß¶ | Onudhabon Episode 50,"331,387  ","Dec 30, 2019"
Pets,9, Entertainment,15:29,bimu multimedia,‡¶∏‡ßé ‡¶¨‡ßã‡¶®  -‡¶ú‡ßÄ‡¶¨‡¶® ‡¶¨‡¶¶‡¶≤‡ßá ‡¶¶‡ßá‡¶Ø‡¶º‡¶æ ‡¶è‡¶ï‡¶ü‡¶ø ‡¶∂‡¶∞‡ßç‡¶ü‡¶´‡¶ø‡¶≤‡ßç‡¶Æ ‚Äú‡¶Ö‡¶®‡ßÅ‡¶ß‡¶æ‡¶¨‡¶®‚Äù-30 | Onudhabon Episode 30,"1,282,772  ","Oct 3, 2019"
Pets,10, Entertainment,13:42,bangla cine,"‡¶¶‡ßÅ‡¶∑‡ßç‡¶ü ‡¶Æ‡ßá‡¶Ø‡¶º‡ßá   -‡¶ú‡ßÄ‡¶¨‡¶® ‡¶¨‡¶¶‡¶≤‡ßá ‡¶¶‡ßá‡¶Ø‡¶º‡¶æ ‡¶è‡¶ï‡¶ü‡¶ø ‡¶∂‡¶∞‡ßç‡¶ü‡¶´‡¶ø‡¶≤‡ßç‡¶Æ ""‡¶Ö‡¶®‡ßÅ‡¶ß‡¶æ‡¶¨‡¶®""-‡ß™‡ßß   | Onudhabon Episode 41","4,518,620  ","Dec 4, 2019"
Pets,11,Education,3:10:15,Animal Family,Funny animals story üî¥1 Funny cartoon for children to learning,"5,730  ",LIVE
Pets,12,Pets & Animals,3:23:45,Team Animals,üî¥1 Chanson sur les animaux de la ferme | Chansons de comptines | Chanson b√©b√©,"1,355  ",LIVE
Pets,13,Education,3:33:25,Animal Family,Funny animals story üî¥1 Funny cartoon for children to learning,"3,599  ",LIVE
Pets,14,Education,3:10:35,Animal Family,Funny animals story üî¥1 Funny cartoon for children to learning,"5,715  ",LIVE
Pets,15,Pets & Animals,3:24:05,Team Animals,üî¥1 Chanson sur les animaux de la ferme | Chansons de comptines | Chanson b√©b√©,"1,358  ",LIVE
Pets,16,Film & Animation,3:48,Les Pitibous,Apprendre les animaux de la ferme - Les Pitibous,"3,147,557  ","Sep 29, 2016"
Pets,17,Music,1:49,Songs With Simon,Old MacDonald had a Farm | Nursery Rhymes and Songs for Kids by Songs with Simon,"40,102,561  ","Nov 15, 2014"
Pets,18,Education,1:49,Happy Diana,Old MacDonald had a Farm | Nursery Rhymes for babies with Lyrics and Actions,"1,533,261  ","Jul 27, 2019"
Pets,19,People & Blogs,3:10,Blue Sky,‡§ï‡•Å‡§°‡•ã ‡§®‡•á ‡§∞‡§æ‡§ú‡§ï‡•Å‡§Æ‡§æ‡§∞‡•Ä ‡§ó‡§æ‡§°‡§º‡•Ä ‡§ï‡•á ‡§ñ‡§ø‡§≤‡•å‡§®‡•á ‡§ï‡•á ‡§∏‡§æ‡§• ‡§ñ‡•á‡§≤‡§®‡•á ‡§ï‡§æ ‡§®‡§æ‡§ü‡§ï ‡§ï‡§ø‡§Ø‡§æ #186,"629,707  ","Jan 5, 2020"
Pets,20,People & Blogs,3:32,Learn Animals Name,"ÿßŸÑÿ≠ŸÅÿßÿ±, ÿßŸÑÿ¨ÿ±ÿßÿ±, ÿ≥Ÿäÿßÿ±ÿ© ÿßŸÑÿ•ÿ∑ŸÅÿßÿ°, ÿ¥ÿßÿ≠ŸÜÿßÿ™ ÿßŸÑŸÇŸÖÿßŸÖÿ© Ÿà ÿ≥Ÿäÿßÿ±ÿßÿ™ ÿßŸÑÿ¥ÿ±ÿ∑ÿ© ŸàŸÖÿ¨ŸÖŸà Excavator Toys#362","1,798,335  ","Dec 28, 2019"
Pets,21,Education,2:09,Fresh And Crunchy,"ÌÉÄÏù¥ÎãàÏÜåÏñ¥, Í≥µÎ£°Î©îÏπ¥Îìú, ÌïëÌÅ¨ÌêÅÏïÑÍ∏∞ÏÉÅÏñ¥ ÌÇ§ÎÑ§Ìã±ÏÉåÎìúÎ°ú ÌïëÌÅ¨ÌêÅ ÏïÑÍ∏∞ÏÉÅÏñ¥ Î¨¥ÏßÄÍ∞ú Ïä¨ÎùºÏûÑ ÌíÄÏû• ÎßåÎì§Í∏∞ ÎÜÄÏù¥ #293","1,457,130  ","Dec 30, 2019"
Pets,22,People & Blogs,3:22,Blue Sky,"ŸÑÿ≠ŸÅÿßÿ±, ÿßŸÑÿ¨ÿ±ÿßÿ±, ÿ≥Ÿäÿßÿ±ÿ© ÿßŸÑÿ•ÿ∑ŸÅÿßÿ°, ÿ¥ÿßÿ≠ŸÜÿßÿ™ ÿßŸÑŸÇŸÖÿßŸÖÿ© Ÿà ÿ≥Ÿäÿßÿ±ÿßÿ™ ÿßŸÑÿ¥ÿ±ÿ∑ÿ© ŸàŸÖÿ¨ŸÖŸà Excavator Toys#104","1,421,174  ","Dec 25, 2019"
Pets,23,Pets & Animals,2:46,Boo Candy,"ŸÑÿ≠ŸÅÿßÿ±, ÿßŸÑÿ¨ÿ±ÿßÿ±, ÿ≥Ÿäÿßÿ±ÿ© ÿßŸÑÿ•ÿ∑ŸÅÿßÿ°, ÿ¥ÿßÿ≠ŸÜÿßÿ™ ÿßŸÑŸÇŸÖÿßŸÖÿ© Ÿà ÿ≥Ÿäÿßÿ±ÿßÿ™ ÿßŸÑÿ¥ÿ±ÿ∑ÿ© ŸàŸÖÿ¨ŸÖŸà Excavator Toys#365","18,408,344  ","Jan 5, 2020"
Pets,24,Education,1:58,Fresh And Crunchy,"ÌÉÄÏù¥ÎãàÏÜåÏñ¥, Í≥µÎ£°Î©îÏπ¥Îìú, ÌïëÌÅ¨ÌêÅÏïÑÍ∏∞ÏÉÅÏñ¥ ÌÇ§ÎÑ§Ìã±ÏÉåÎìúÎ°ú ÌïëÌÅ¨ÌêÅ ÏïÑÍ∏∞ÏÉÅÏñ¥ Î¨¥ÏßÄÍ∞ú Ïä¨ÎùºÏûÑ ÌíÄÏû• ÎßåÎì§Í∏∞ ÎÜÄÏù¥ #357","1,454,219  ","Jan 7, 2020"
Pets,25,Education,2:08,Fresh And Crunchy,"ÌÉÄÏù¥ÎãàÏÜåÏñ¥, Í≥µÎ£°Î©îÏπ¥Îìú, ÌïëÌÅ¨ÌêÅÏïÑÍ∏∞ÏÉÅÏñ¥ ÌÇ§ÎÑ§Ìã±ÏÉåÎìúÎ°ú ÌïëÌÅ¨ÌêÅ ÏïÑÍ∏∞ÏÉÅÏñ¥ Î¨¥ÏßÄÍ∞ú Ïä¨ÎùºÏûÑ ÌíÄÏû• ÎßåÎì§Í∏∞ ÎÜÄÏù¥ #355","155,664  ","Jan 7, 2020"
Pets,26,People & Blogs,3:56,Learn Animals Name,"ÿßŸÑÿ≠ŸÅÿßÿ±, ÿßŸÑÿ¨ÿ±ÿßÿ±, ÿ≥Ÿäÿßÿ±ÿ© ÿßŸÑÿ•ÿ∑ŸÅÿßÿ°, ÿ¥ÿßÿ≠ŸÜÿßÿ™ ÿßŸÑŸÇŸÖÿßŸÖÿ© Ÿà ÿ≥Ÿäÿßÿ±ÿßÿ™ ÿßŸÑÿ¥ÿ±ÿ∑ÿ© ŸàŸÖÿ¨ŸÖŸà Excavator Toys#363","505,123  ","Dec 28, 2019"
Pets,27,Education,2:09,Fresh And Crunchy,"ÌÉÄÏù¥ÎãàÏÜåÏñ¥, Í≥µÎ£°Î©îÏπ¥Îìú, ÌïëÌÅ¨ÌêÅÏïÑÍ∏∞ÏÉÅÏñ¥ ÌÇ§ÎÑ§Ìã±ÏÉåÎìúÎ°ú ÌïëÌÅ¨ÌêÅ ÏïÑÍ∏∞ÏÉÅÏñ¥ Î¨¥ÏßÄÍ∞ú Ïä¨ÎùºÏûÑ ÌíÄÏû• ÎßåÎì§Í∏∞ ÎÜÄÏù¥ #293","1,457,130  ","Dec 30, 2019"
Pets,28, Entertainment,2:26,Bim Lagu Anak,"ŸÑÿ≠ŸÅÿßÿ±, ÿßŸÑÿ¨ÿ±ÿßÿ±, ÿ≥Ÿäÿßÿ±ÿ© ÿßŸÑÿ•ÿ∑ŸÅÿßÿ°, ÿ¥ÿßÿ≠ŸÜÿßÿ™ ÿßŸÑŸÇŸÖÿßŸÖÿ© Ÿà ÿ≥Ÿäÿßÿ±ÿßÿ™ ÿßŸÑÿ¥ÿ±ÿ∑ÿ© ŸàŸÖÿ¨ŸÖŸà Excavator Toys#274","411,826  ","Jan 5, 2020"
Pets,29,Education,0:15,Fresh And Crunchy,‡§ï‡•Å‡§°‡•ã ‡§®‡•á ‡§∞‡§æ‡§ú‡§ï‡•Å‡§Æ‡§æ‡§∞‡•Ä ‡§ó‡§æ‡§°‡§º‡•Ä ‡§ï‡•á ‡§ñ‡§ø‡§≤‡•å‡§®‡•á ‡§ï‡•á ‡§∏‡§æ‡§• ‡§ñ‡•á‡§≤‡§®‡•á ‡§ï‡§æ ‡§®‡§æ‡§ü‡§ï ‡§ï‡§ø‡§Ø‡§æ #336,"1,295,710  ","Jan 4, 2020"
Pets,30,People & Blogs,0:15,Blue Sky,‡§ï‡•Å‡§°‡•ã ‡§®‡•á ‡§∞‡§æ‡§ú‡§ï‡•Å‡§Æ‡§æ‡§∞‡•Ä ‡§ó‡§æ‡§°‡§º‡•Ä ‡§ï‡•á ‡§ñ‡§ø‡§≤‡•å‡§®‡•á ‡§ï‡•á ‡§∏‡§æ‡§• ‡§ñ‡•á‡§≤‡§®‡•á ‡§ï‡§æ ‡§®‡§æ‡§ü‡§ï ‡§ï‡§ø‡§Ø‡§æ #189,"322,264  ","Jan 5, 2020"
Pets,31,People & Blogs,3:35,Blue Sky,"ÌÉÄÏù¥ÎãàÏÜåÏñ¥, Í≥µÎ£°Î©îÏπ¥Îìú, ÌïëÌÅ¨ÌêÅÏïÑÍ∏∞ÏÉÅÏñ¥ ÌÇ§ÎÑ§Ìã±ÏÉåÎìúÎ°ú ÌïëÌÅ¨ÌêÅ ÏïÑÍ∏∞ÏÉÅÏñ¥ Î¨¥ÏßÄÍ∞ú Ïä¨ÎùºÏûÑ ÌíÄÏû• ÎßåÎì§Í∏∞ ÎÜÄÏù¥ #85","8,276,506  ","Dec 23, 2019"
Pets,32, Entertainment,2:05,Coco Ice cream,"ÌÉÄÏù¥ÎãàÏÜåÏñ¥, Í≥µÎ£°Î©îÏπ¥Îìú, ÌïëÌÅ¨ÌêÅÏïÑÍ∏∞ÏÉÅÏñ¥ ÌÇ§ÎÑ§Ìã±ÏÉåÎìúÎ°ú ÌïëÌÅ¨ÌêÅ ÏïÑÍ∏∞ÏÉÅÏñ¥ Î¨¥ÏßÄÍ∞ú Ïä¨ÎùºÏûÑ ÌíÄÏû• ÎßåÎì§Í∏∞ ÎÜÄÏù¥ #463","8,250,745  ","Jan 2, 2020"
Pets,33,Education,2:57,Natural English,The Animal Sounds Song,"80,535,972  ","Jul 21, 2014"
Pets,34,Education,2:43,TeenyTinyStar - Personalized Videos for Kids!,Old MacDonald Had a Farm | Nursery Rhyme | Personalized Videos for Kids | TeenyTinyStar,"24,212,965  ","Mar 5, 2016"
Pets,35, Entertainment,2:23,Bim Lagu Anak,"ÿßŸÑÿ≠ŸÅÿßÿ±, ÿßŸÑÿ¨ÿ±ÿßÿ±, ÿ≥Ÿäÿßÿ±ÿ© ÿßŸÑÿ•ÿ∑ŸÅÿßÿ°, ÿ¥ÿßÿ≠ŸÜÿßÿ™ ÿßŸÑŸÇŸÖÿßŸÖÿ© Ÿà ÿ≥Ÿäÿßÿ±ÿßÿ™ ÿßŸÑÿ¥ÿ±ÿ∑ÿ© ŸàŸÖÿ¨ŸÖŸà Excavator Toys#169","2,474,108  ","Dec 15, 2019"
Pets,36,Education,2:09,Fresh And Crunchy,"ÌÉÄÏù¥ÎãàÏÜåÏñ¥, Í≥µÎ£°Î©îÏπ¥Îìú, ÌïëÌÅ¨ÌêÅÏïÑÍ∏∞ÏÉÅÏñ¥ ÌÇ§ÎÑ§Ìã±ÏÉåÎìúÎ°ú ÌïëÌÅ¨ÌêÅ ÏïÑÍ∏∞ÏÉÅÏñ¥ Î¨¥ÏßÄÍ∞ú Ïä¨ÎùºÏûÑ ÌíÄÏû• ÎßåÎì§Í∏∞ ÎÜÄÏù¥ #293","1,457,130  ","Dec 30, 2019"
Pets,37, Entertainment,2:42,Bim Lagu Anak,"ŸÑÿ≠ŸÅÿßÿ±, ÿßŸÑÿ¨ÿ±ÿßÿ±, ÿ≥Ÿäÿßÿ±ÿ© ÿßŸÑÿ•ÿ∑ŸÅÿßÿ°, ÿ¥ÿßÿ≠ŸÜÿßÿ™ ÿßŸÑŸÇŸÖÿßŸÖÿ© Ÿà ÿ≥Ÿäÿßÿ±ÿßÿ™ ÿßŸÑÿ¥ÿ±ÿ∑ÿ© ŸàŸÖÿ¨ŸÖŸà Excavator Toys#240","79,270  ","Dec 29, 2019"
Pets,38,Education,2:40,Fresh And Crunchy,‡§ï‡•Å‡§°‡•ã ‡§®‡•á ‡§∞‡§æ‡§ú‡§ï‡•Å‡§Æ‡§æ‡§∞‡•Ä ‡§ó‡§æ‡§°‡§º‡•Ä ‡§ï‡•á ‡§ñ‡§ø‡§≤‡•å‡§®‡•á ‡§ï‡•á ‡§∏‡§æ‡§• ‡§ñ‡•á‡§≤‡§®‡•á ‡§ï‡§æ ‡§®‡§æ‡§ü‡§ï ‡§ï‡§ø‡§Ø‡§æ #336,"1,295,710  ","Jan 4, 2020"
Pets,39,People & Blogs,2:19,Enjoy Toys Shin,ÏïºÏÉùÎèôÎ¨ºÏùò Ïû•ÎÇúÍ∞êÏùÑ ÏÇ¨Ïö©ÌïòÏó¨ ÎèôÎ¨ºÏùò ÏòÅÏñ¥ Ïù¥Î¶ÑÏùÑ Î∞∞ÏõåÎ¥ÖÏãúÎã§.,"2,477,126  ","Nov 18, 2019"
Pets,40, Entertainment,2:18,Impara nomi e suoni di animali,Vasca blu piena di giocattoli - Scopri i suoni di nomi di animali di Safari,"2,148,039  ","Oct 16, 2018"
Pets,41,People & Blogs,3:16,Enjoy Toys Shin,"ÏïÑÏù¥Îì§Ïù¥ Ï¢ãÏïÑÌïòÎäî Î∞îÎã§ÎèôÎ¨º,Ïú°ÏßÄÎèôÎ¨ºÏùÑ ÏóÑÎßàÏôÄ Ìï®Íªò......","2,044,289  ","Aug 24, 2019"
Pets,42, Entertainment,2:20,Funny Dinosaur,Ïñ¥Î¶∞Ïù¥ ÎßåÌôî ÏôÄ Ìï®Íªò Ïª¨Îü¨ Ï∂ïÍµ¨ | ÎèôÏöîÏôÄ ÏïÑÏù¥ ÎÖ∏Îûò | Ïñ¥Î¶∞Ïù¥Î•ºÏúÑÌïú Ïû¨ÎØ∏ÏûàÎäî ÎπÑÎîîÏò§,"766,943  ","Dec 18, 2019"
Pets,43, Entertainment,0:15,Funny Dinosaur,ÎèôÏöîÏôÄ ÏïÑÏù¥ ÎÖ∏Îûò ÏôÄ Ìï®Íªò ÏÇ¨ÌÉï | ÏÉâÍπîÎÜÄÏù¥ - Ïñ¥Î¶∞Ïù¥ ÍµêÏú° | Ïñ¥Î¶∞Ïù¥ ÎßåÌôî,"234,881  ","Dec 24, 2019"
Pets,44,People & Blogs,2:32,Bon Avatar,"ÌïëÌÅ¨ÌêÅ, ÏïÑÍ∏∞ÏÉÅÏñ¥, ÎΩÄÎ°úÎ°ú, ÌÅ¨Î°± ÌÇ§ÎÑ§Ìã± ÏÉåÎìúÎ°ú Î¨¥ÏßÄÍ∞ú Í≥ÑÎã® ÎßåÎì§Í∏∞ ÎÜÄÏù¥ #255","120,193  ","Dec 27, 2019"
Pets,45, Entertainment,3:53,Toys Suprise Eggs,"ÿßŸÑÿ≠ŸÅÿßÿ±, ÿßŸÑÿ¨ÿ±ÿßÿ±, ÿ≥Ÿäÿßÿ±ÿ© ÿßŸÑÿ•ÿ∑ŸÅÿßÿ°, ÿ¥ÿßÿ≠ŸÜÿßÿ™ ÿßŸÑŸÇŸÖÿßŸÖÿ© Ÿà ÿ≥Ÿäÿßÿ±ÿßÿ™ ÿßŸÑÿ¥ÿ±ÿ∑ÿ© ŸàŸÖÿ¨ŸÖŸà Excavator Toys#165","271,477  ","Dec 10, 2019"
Pets,46,People & Blogs,3:02,Enjoy Toys Shin,Ïú°ÏßÄÎèôÎ¨ºÍ≥º Î∞îÎã§ÎèôÎ¨ºÏùò Ïû•ÎÇúÍ∞êÏùÑ ÏÇ¨Ïö©ÌïòÏó¨ ÏÉâÏÉÅÏùÑ Î∞∞Ïö∞Í≥† ÏòÅÏñ¥Îã®Ïñ¥ÎèÑ Î∞∞ÏõåÎ¥ÖÏãúÎã§.,"2,215,525  ","Nov 14, 2019"
Pets,47, Entertainment,10:36,Coco mam [ÏΩîÏΩîÎßò],Toy fruit vegetable play on the water Funny Learn English names #8,"9,588,625  ","Dec 2, 2019"
Pets,48,Pets & Animals,3:20,Enjoy Toys Shin,Learn about shapes and colors with fruit and vegetable toys and see the actual shapes again with vcr,"368,189  ","Dec 22, 2019"
Pets,49,People & Blogs,2:14,Enjoy Toys Shin,"ÏïÑÏù¥Îì§Ïù¥ Í∂ÅÍ∏àÌï¥ ÏïÑÎäî Î∞îÎã§ÎèôÎ¨º, ÏòÅÏñ¥ Ïù¥Î¶Ñ ÎßûÏ∂îÍ∏∞, Ìé∏ÌïòÍ≤å Ï¶êÍ∏∞Í∏∞....","1,590,158  ","Aug 19, 2019"
Pets,50,Education,1:10,Î∏îÎ£®ÌéÄÌä∏Ïñ¥Î¶∞Ïù¥TV,ÏòÅÏñ¥Îã®Ïñ¥ | ÏÜåÎ¶¨Î°ú Î∞îÎã§ÎèôÎ¨º ÏòÅÏñ¥ Ïù¥Î¶Ñ ÎßûÏ∂îÍ∏∞ | Ìï¥ÏñëÎèôÎ¨º Í∑∏Î¶ºÏûê ÌÄ¥Ï¶à | ÎèôÎ¨º Ïö∏ÏùåÏÜåÎ¶¨,"316,259  ","Oct 15, 2019"
Politics,1,News & Politics,20:11,CBC News,Iran plane crash investigation: What we know so far | Power & Politics,"19,182  ","Jan 9, 2020"
Politics,2,News & Politics,0:15,DW News,Trump vs. Iran: On the brink of war? | To the point,"52,555  ","Jan 9, 2020"
Politics,3,News & Politics,25:25,DW News,Trump delivers statement on Iran attack on US bases: What now? | DW News,"95,791  ","Jan 8, 2020"
Politics,4,News & Politics,26:05,DW News,Trump vs. Iran: On the brink of war? | To the point,"52,555  ","Jan 9, 2020"
Politics,5,News & Politics,8:53,CNN,How the US response to Iran's attack unfolded behind the scenes,"390,383  ","Jan 9, 2020"
Politics,6,Comedy,12:16,Late Night with Seth Meyers,Congress Votes to Limit Trump's War Powers After Iran Lies: A Closer Look,"386,498  ","Jan 9, 2020"
Politics,7,Comedy,13:04,Late Night with Seth Meyers,"Trump Lashes Out After G7 Controversy, Mulvaney‚Äôs Ukraine Confession: A Closer Look","4,670,571  ","Oct 21, 2019"
Politics,8,Comedy,4:39,The Daily Show with Trevor Noah,What‚Äôs Behind Trump‚Äôs Decision to Kill Iran‚Äôs Qassem Soleimani? | The Daily Show,"614,232  ","Jan 9, 2020"
Politics,9,Comedy,7:21,The Daily Show with Trevor Noah,Trump Pulls Out of the Iran Nuclear Deal | The Daily Show,"1,496,630  ","May 11, 2018"
Politics,10, Entertainment,8:23,The Late Show with Stephen Colbert,"White House Officials ""Shushed"" Lawmakers Who Asked Questions During Iran Briefing","52,927  ","Jan 9, 2020"
Politics,11,Comedy,7:54,Late Night with Seth Meyers,Rachel Maddow Discusses Iran‚Äôs Retaliation Against the US,"676,431  ","Jan 8, 2020"
Politics,12, Entertainment,8:23,The Kennedy Center,Dave Chappelle Acceptance Speech | 2019 Mark Twain Prize,"3,083,457  ","Jan 7, 2020"
Politics,13,News & Politics,4:16,BlazeTV,Trump BLASTS Pelosi for Opposing Killing 'Monster' Soleimani,"75,707  ","Jan 9, 2020"
Politics,14, Entertainment,7:59,NBC,Ricky Gervais' Monologue - 2020 Golden Globes,"12,491,111  ","Jan 5, 2020"
Politics,15,Comedy,47:56,meat titan,Every Ricky Gervais Golden Globes 2009-2020,"943,739  ","Jan 7, 2020"
Politics,16,Comedy,7:51,Ba dum tss,Ricky Gervais Golden Globes Speech 2020 (Full),"1,840,593  ","Jan 8, 2020"
Politics,17, Entertainment,14:38,Friday Night With Jonathan Ross,Ricky Gervais Critiques Jonathan Throughout Entire Interview | Friday Night With Jonathan Ross,"49,658  ","Jan 8, 2020"
Politics,18,People & Blogs,59:52,peter Time,"Friday Night with Jonathan Ross Robin Williams, Elle Macpherson, Tim Minchin","79,764  ","Jul 15, 2015"
Politics,19,Education,2:50:25,Don Giller,"Jay Leno on Letterman, Part 1: 1982-1984","1,392,217  ","Oct 16, 2017"
Politics,20,Comedy,6:22,Comedy Maniac,Bill Burr for PRESIDENT 2020,"458,887  ","Feb 20, 2019"
Politics,21,People & Blogs,8:13,Sm Mills,Bill Burr and Sarah Silverman,"436,482  ","Dec 12, 2018"
Politics,22,People & Blogs,0:15,JRE Clips,The Gruesome History of the Comanche Tribe w/S.C. Gwynne | Joe Rogan,"979,887  ","Dec 10, 2019"
Politics,23,Science & Technology,3:41,EDF in the UK,Watch in 360 the inside of a nuclear reactor from the size of an atom with virtual reality,"13,222,037  ","Mar 19, 2018"
Politics,24,Science & Technology,3:44:55,Space & The Universe HD,The Search for Life in the Universe Documentary - Voyage To The Planets And Beyond The Solar System,"11,444  ",LIVE
Politics,25,Science & Technology,3:49:25,Touch Your Heart,Explore Secrets of the Universe in Spectacular - The Future of Space Exploration Documentary,"1,362  ",LIVE
Politics,26,Science & Technology,5:46:14,Touch Your Heart,The Search for Life in Space Documentary - Where is the Centre of the Universe,484  ,LIVE
Politics,27,Science & Technology,3:49:40,Touch Your Heart,Explore Secrets of the Universe in Spectacular - The Future of Space Exploration Documentary,"1,358  ",LIVE
Politics,28,Science & Technology,5:55:50,Space & The Universe HD,The Discovery of the Universe Documentary - The Most Powerful Object in the Universe,"9,882  ",LIVE
Politics,29,Science & Technology,3:45:30,Space & The Universe HD,The Search for Life in the Universe Documentary - Voyage To The Planets And Beyond The Solar System,"11,458  ",LIVE
Politics,30,Science & Technology,5:56:05,Space & The Universe HD,The Discovery of the Universe Documentary - The Most Powerful Object in the Universe,"9,886  ",LIVE
Politics,31,Science & Technology,3:45:45,Space & The Universe HD,The Search for Life in the Universe Documentary - Voyage To The Planets And Beyond The Solar System,"11,473  ",LIVE
Politics,32,Science & Technology,45:35,American Geosciences Institute,Faces of Earth - Shaping the Planet,"752,297  ","Feb 19, 2013"
Politics,33,Science & Technology,3:02:30,NASA,Restored Apollo 11 Moonwalk - Original NASA EVA Mission Video - Walking on the Moon,"7,566,457  ","Jul 17, 2014"
Politics,34,Science & Technology,71:02:25:52,NASA,NASA Live: Official Stream of NASA TV,208  ,LIVE
Politics,35,Science & Technology,5:56:45,Space & The Universe HD,The Discovery of the Universe Documentary - The Most Powerful Object in the Universe,"9,869  ",LIVE
Politics,36,Science & Technology,3:46:25,Space & The Universe HD,The Search for Life in the Universe Documentary - Voyage To The Planets And Beyond The Solar System,"11,486  ",LIVE
Politics,37,Science & Technology,5:56:55,Space & The Universe HD,The Discovery of the Universe Documentary - The Most Powerful Object in the Universe,"9,860  ",LIVE
Politics,38,Science & Technology,3:46:40,Space & The Universe HD,The Search for Life in the Universe Documentary - Voyage To The Planets And Beyond The Solar System,"11,498  ",LIVE
Politics,39,Science & Technology,33:50,biointeractive,The Day the Mesozoic Died: The Asteroid That Killed the Dinosaurs ‚Äî HHMI BioInteractive Video,"5,294,971  ","Aug 26, 2014"
Politics,40,Science & Technology,1:27:09,NASA,Armstrong Hosts NASA 50th Anniversary Documentary,"1,669,252  ","Aug 25, 2012"
Politics,41,Science & Technology,71:02:26:47,NASA,NASA Live: Official Stream of NASA TV,200  ,LIVE
Politics,42,Science & Technology,5:57:35,Space & The Universe HD,The Discovery of the Universe Documentary - The Most Powerful Object in the Universe,"9,852  ",LIVE
Politics,43,Science & Technology,3:47:15,Space & The Universe HD,The Search for Life in the Universe Documentary - Voyage To The Planets And Beyond The Solar System,"11,508  ",LIVE
Politics,44,Science & Technology,3:51:45,Touch Your Heart,Explore Secrets of the Universe in Spectacular - The Future of Space Exploration Documentary,"1,357  ",LIVE
Politics,45,Science & Technology,3:47:30,Space & The Universe HD,The Search for Life in the Universe Documentary - Voyage To The Planets And Beyond The Solar System,"11,499  ",LIVE
Politics,46,Science & Technology,2:40,TexFilms,Alien life on a flammable yet frozen world? | Titan Revealed,"309,571  ","Mar 2, 2018"
Politics,47,Science & Technology,5:58:15,Space & The Universe HD,The Discovery of the Universe Documentary - The Most Powerful Object in the Universe,"9,813  ",LIVE
Politics,48,Science & Technology,3:47:55,Space & The Universe HD,The Search for Life in the Universe Documentary - Voyage To The Planets And Beyond The Solar System,"11,500  ",LIVE
Politics,49,Science & Technology,3:52:25,"Touch Your Heart
",Explore Secrets of the Universe in Spectacular - The Future of Space Exploration Documentary,"1,353  ",LIVE
Politics,50,Science & Technology,5:58:40,Space & The Universe HD,The Discovery of the Universe Documentary - The Most Powerful Object in the Universe,"9,799  ",LIVE
Science Technology,1,Education,11:29,Zach Star,The Science and Technology of Tomorrow,"24,267  ","Jan 27, 2018"
Science Technology,2,Education,2:46:45,gavinwince,The Perfect Cosmological Principle | Return of the Steady State Universe,"4,437,567  ","Mar 16, 2015"
Science Technology,3,Science & Technology,2:00:58,American Museum of Natural History,2016 Isaac Asimov Memorial Debate: Is the Universe a Simulation?,"3,085,591  ","Apr 8, 2016"
Science Technology,4,Science & Technology,1:53:59,American Museum of Natural History,2013 Isaac Asimov Memorial Debate: The Existence of Nothing,"780,399  ","Mar 22, 2013"
Science Technology,5,Education,55:34,TVO Docs,Sean M Carroll on Origin of the Universe & the Arrow of Time,"765,221  ","Dec 13, 2010"
Science Technology,6,Music,5:31,Greenred Productions - Relaxing Music,"Deep Cello Meditation Music, Dark Meditation Music, Relaxing Music, Dark Cello Music for Relaxation",494  ,LIVE
Science Technology,7,Music,2:36,Greenred Productions - Relaxing Music,"Deep Focus Music - Binaural Beats Study Music, Super Intelligence","1,546  ",LIVE
Science Technology,8,Music,4:20:48,Body Mind Zone,"Relaxing Sleep Music 24/7, Sleep Therapy, Calm Music, Insomnia, Meditation, Study, Yoga, Spa, Sleep","4,234  ",LIVE
Science Technology,9,Music,1:04:16:20,Body Mind Zone,"Relaxing Music 24/7, Meditation, Healing, Sleep Music, Calm Music, Zen, Yoga, Sleep, Study, Relax","5,829  ",LIVE
Science Technology,10,Music,4:21:08,Body Mind Zone,"Relaxing Sleep Music 24/7, Sleep Therapy, Calm Music, Insomnia, Meditation, Study, Yoga, Spa, Sleep","4,249  ",LIVE
Science Technology,11,Music,1:04:16:35,Body Mind Zone,"Relaxing Music 24/7, Meditation, Healing, Sleep Music, Calm Music, Zen, Yoga, Sleep, Study, Relax","5,820  ",LIVE
Science Technology,12,Music,4:21:23,Body Mind Zone,"Relaxing Sleep Music 24/7, Sleep Therapy, Calm Music, Insomnia, Meditation, Study, Yoga, Spa, Sleep","4,245  ",LIVE
Science Technology,13,Music,1:04:16:50,Body Mind Zone,"Relaxing Music 24/7, Meditation, Healing, Sleep Music, Calm Music, Zen, Yoga, Sleep, Study, Relax","5,846  ",LIVE
Science Technology,14,Music,4:21:38,Body Mind Zone,"Relaxing Sleep Music 24/7, Sleep Therapy, Calm Music, Insomnia, Meditation, Study, Yoga, Spa, Sleep","4,246  ",LIVE
Science Technology,15,Music,1:04:17:10,Body Mind Zone,"Relaxing Music 24/7, Meditation, Healing, Sleep Music, Calm Music, Zen, Yoga, Sleep, Study, Relax","5,835  ",LIVE
Science Technology,16,Music,4:21:53,Body Mind Zone,"Relaxing Sleep Music 24/7, Sleep Therapy, Calm Music, Insomnia, Meditation, Study, Yoga, Spa, Sleep","4,242  ",LIVE
Science Technology,17,Music,1:04:17:25,Body Mind Zone,"Relaxing Music 24/7, Meditation, Healing, Sleep Music, Calm Music, Zen, Yoga, Sleep, Study, Relax","5,847  ",LIVE
Science Technology,18,Music,4:22:13,Body Mind Zone,"Relaxing Sleep Music 24/7, Sleep Therapy, Calm Music, Insomnia, Meditation, Study, Yoga, Spa, Sleep","4,248  ",LIVE
Science Technology,19,Music,1:04:17:40,Body Mind Zone,"Relaxing Music 24/7, Meditation, Healing, Sleep Music, Calm Music, Zen, Yoga, Sleep, Study, Relax","5,841  ",LIVE
Science Technology,20,Music,4:22:28,Body Mind Zone,"Relaxing Sleep Music 24/7, Sleep Therapy, Calm Music, Insomnia, Meditation, Study, Yoga, Spa, Sleep","4,239  ",LIVE
Science Technology,21,Music,1:04:17:55,Body Mind Zone,"Relaxing Music 24/7, Meditation, Healing, Sleep Music, Calm Music, Zen, Yoga, Sleep, Study, Relax","5,830  ",LIVE
Science Technology,22,Music,7:59:45,Body Mind Zone,"8 Hour Deep Sleep Music: Delta Waves Sleep Meditation, Deep Sleep, Inner Peace ‚òØ159","2,330,488  ","Aug 25, 2014"
Science Technology,23,Music,1:04:18:15,Body Mind Zone,"Relaxing Music 24/7, Meditation, Healing, Sleep Music, Calm Music, Zen, Yoga, Sleep, Study, Relax","5,825  ",LIVE
Science Technology,24,Music,1:21,Body Mind Zone,"Relaxing Sleep Music 24/7, Sleep Therapy, Calm Music, Insomnia, Meditation, Study, Yoga, Spa, Sleep","4,251  ",LIVE
Science Technology,25,Music,1:04:18:25,Body Mind Zone,"Relaxing Music 24/7, Meditation, Healing, Sleep Music, Calm Music, Zen, Yoga, Sleep, Study, Relax","5,819  ",LIVE
Science Technology,26,Music,4:23:13,Body Mind Zone,"Relaxing Sleep Music 24/7, Sleep Therapy, Calm Music, Insomnia, Meditation, Study, Yoga, Spa, Sleep","4,254  ",LIVE
Science Technology,27,Music,1:04:18:40,Body Mind Zone,"Relaxing Music 24/7, Meditation, Healing, Sleep Music, Calm Music, Zen, Yoga, Sleep, Study, Relax","5,822  ",LIVE
Science Technology,28,People & Blogs,48:32,Pura Rasa - Your Meditation Library,Connect with Spirit (Guides) Guided Meditation,"2,281,693  ","May 9, 2016"
Science Technology,29,Music,4:23:33,Body Mind Zone,"Relaxing Sleep Music 24/7, Sleep Therapy, Calm Music, Insomnia, Meditation, Study, Yoga, Spa, Sleep","4,266  ",LIVE
Science Technology,30,Music,1:04:19:05,Body Mind Zone,"Relaxing Music 24/7, Meditation, Healing, Sleep Music, Calm Music, Zen, Yoga, Sleep, Study, Relax","5,812  ",LIVE
Science Technology,31,Music,7:59:45,Body Mind Zone,"8 Hour Deep Sleep Music: Delta Waves Sleep Meditation, Deep Sleep, Inner Peace ‚òØ159","2,330,488  ","Aug 25, 2014"
Science Technology,32,Music,1:04:19:20,Body Mind Zone,"Relaxing Music 24/7, Meditation, Healing, Sleep Music, Calm Music, Zen, Yoga, Sleep, Study, Relax","5,798  ",LIVE
Science Technology,33,Music,2:30,Marshmello,Marshmello x DuckTales - FLY (Music Video),"36,483,779  ","Jun 23, 2018"
Science Technology,34,Gaming,14:42,UnspeakableGaming,BREAKING A FANS MINECRAFT WORLD!,"7,048,515  ","May 22, 2018"
Science Technology,35,Gaming,12:31,UnspeakableGaming,Minecraft Stranded - LOST IN THE JUNGLE !?,"1,857,067  ","Jun 29, 2016"
Science Technology,36,Film & Animation,12:29,Blue Monkey,The Minecraft Life of Alex and Steve | MOVIE 3 | Minecraft Animation,"4,691,721  ","Nov 2, 2019"
Science Technology,37,Gaming,22:44,stampylonghead,Xbox One - How To Minecraft: Building {5},"9,345,652  ","Sep 23, 2014"
Science Technology,38,Gaming,13:27,TheChocolateOre,How to Build a Slime Proof House | Minecraft,"897,079  ","Premiered Nov 9, 2018"
Science Technology,39, Entertainment,22:02,BRICK 101,LEGO Minecraft Village | LEGO Minecraft Set Review & Speed Build,"9,258,681  ","Aug 12, 2016"
Science Technology,40,Film & Animation,1:39,MrKING TV,Lego Minecraft Steve Brick Building Big Steve Animation,"520,870  ","Jun 7, 2019"
Science Technology,41,Gaming,0:15,Cherry,Minecraft: FAMILY VOLCANO HOUSE BUILD CHALLENGE - NOOB vs PRO vs HACKER vs GOD in Minecraft,"710,905  ","Nov 9, 2019"
Science Technology,42,Gaming,0:15,RonaldOMG,The Floor is Lava Glitches,"4,737,905  ","Jul 9, 2017"
Science Technology,43,Gaming,27:44,RonaldOMG,Ravine Full Of Diamonds / Minecraft,"1,976,201  ","Nov 11, 2016"
Science Technology,44,Gaming,14:11,RonaldOMG,Geometry Dash epic failures!!! Ronald had really hard time passing levels !!!  | KID GAMING,"1,674,937  ","Mar 9, 2016"
Science Technology,45,Gaming,0:15,EthanGamer,True Skate | Mobile Games,"6,550,833  ","Aug 24, 2014"
Science Technology,46,Gaming,10:01,EthanGamer,Playing Soccer Physics (iPad/iOS/Android Gameplay),"4,493,805  ","Feb 26, 2015"
Science Technology,47,Gaming,7:35,EthanGamer,EthanGamerTV plays Block Amok (iPad/iOS/Android),"811,120  ","Apr 10, 2015"
Science Technology,48,Gaming,13:27,EthanGamer,Lets go to the Minecraft Funland - Part 5,"2,050,445  ","Jul 29, 2014"
Science Technology,49,Gaming,12:33,EthanGamer,Playing Minecraft with subscribers - Part 2,"2,084,528  ","Aug 12, 2014"
Science Technology,50,Gaming,33:54,EthanGamer,EthanGamerTV Fans' Minecraft World - Episode #4,"3,939,446  ","Jan 6, 2015"
